{
  "IcoMoonType": "selection",
  "icons": [
    {
      "icon": {
        "paths": [
          "M853.333 170.667h-682.667c-46.933 0-84.878 38.4-84.878 85.333l-0.455 512c0 46.933 38.4 85.333 85.333 85.333h682.667c46.933 0 85.333-38.4 85.333-85.333v-512c0-46.933-38.4-85.333-85.333-85.333zM836.267 352.028l-301.625 188.53c-6.44 4.025-14.262 6.413-22.642 6.413s-16.202-2.387-22.824-6.518l0.182 0.106-301.625-188.53c-10.74-6.421-17.82-17.988-17.82-31.209 0-20.014 16.224-36.238 36.238-36.238 7.441 0 14.359 2.243 20.114 6.090l-0.132-0.083 285.867 178.745 285.867-178.802c5.623-3.764 12.541-6.007 19.982-6.007 20.014 0 36.238 16.224 36.238 36.238 0 13.221-7.080 24.788-17.655 31.117l-0.165 0.092z"
        ],
        "attrs": [
          {}
        ],
        "isMulticolor": false,
        "isMulticolor2": false,
        "grid": 0,
        "tags": [
          "email-black-18dp 1"
        ],
        "colorPermutations": {
          "1171171171175177184125525525513315024313333331": [
            {}
          ]
        }
      },
      "attrs": [
        {}
      ],
      "properties": {
        "order": 86,
        "id": 30,
        "name": "email-black-18dp-1",
        "prevSize": 32
      },
      "setIdx": 0,
      "setId": 7,
      "iconIdx": 0
    },
    {
      "icon": {
        "paths": [
          "M200.397 486.605l-7.066-6.758-7.066 6.656-98.714 93.594 7.782 7.475 365.056 348.16 7.066-6.758 776.192-740.454-7.782-7.373-97.382-92.877-7.066 6.758-671.027 639.59-259.994-248.013z"
        ],
        "attrs": [
          {
            "fill": "rgb(255, 255, 255)",
            "stroke": "rgb(255, 255, 255)",
            "strokeLinejoin": "miter",
            "strokeLinecap": "butt",
            "strokeMiterlimit": "4",
            "strokeWidth": 20.480000000000004
          }
        ],
        "width": 1331,
        "isMulticolor": false,
        "isMulticolor2": false,
        "grid": 0,
        "tags": [
          "checkbox-cast"
        ],
        "colorPermutations": {
          "1171171171175177184125525525513315024313333331": [
            {
              "f": 4,
              "s": 4
            }
          ]
        }
      },
      "attrs": [
        {
          "fill": "rgb(255, 255, 255)",
          "stroke": "rgb(255, 255, 255)",
          "strokeLinejoin": "miter",
          "strokeLinecap": "butt",
          "strokeMiterlimit": "4",
          "strokeWidth": 20.480000000000004
        }
      ],
      "properties": {
        "order": 80,
        "id": 29,
        "name": "checkbox-cast",
        "prevSize": 32
      },
      "setIdx": 0,
      "setId": 7,
      "iconIdx": 1
    },
    {
      "icon": {
        "paths": [
          "M512 512c94.257 0 170.667-76.41 170.667-170.667s-76.41-170.667-170.667-170.667v0c-94.257 0-170.667 76.41-170.667 170.667s76.41 170.667 170.667 170.667v0zM512 597.333c-113.948 0-341.333 57.173-341.333 170.667v42.667c0 23.438 19.172 42.667 42.667 42.667h597.333c23.438 0 42.667-19.228 42.667-42.667v-42.667c0-113.493-227.442-170.667-341.333-170.667z"
        ],
        "attrs": [
          {}
        ],
        "isMulticolor": false,
        "isMulticolor2": false,
        "grid": 0,
        "tags": [
          "person-black-18dp 1"
        ],
        "colorPermutations": {
          "1171171171175177184125525525513315024313333331": [
            {}
          ]
        }
      },
      "attrs": [
        {}
      ],
      "properties": {
        "order": 81,
        "id": 28,
        "name": "person-black-18dp-1",
        "prevSize": 32
      },
      "setIdx": 0,
      "setId": 7,
      "iconIdx": 2
    },
    {
      "icon": {
        "paths": [
          "M796.217 632.775l-104.562-11.947c-2.88-0.359-6.212-0.564-9.593-0.564-22.626 0-43.109 9.172-57.934 24.002l-75.776 75.776c-117.415-60.602-210.724-153.929-269.677-267.904l-1.626-3.456 76.231-76.060c14.829-14.825 24.002-35.309 24.002-57.934 0-3.381-0.205-6.713-0.603-9.987l0.039 0.394-11.947-103.765c-4.951-41.196-39.692-72.818-81.819-72.818-0.036 0-0.071 0-0.107 0l-71.219-0c-46.535 0-85.22 38.684-82.375 85.163 21.845 351.573 303.047 632.377 654.222 654.222 46.478 2.844 85.22-35.84 85.22-82.375v-71.225c0.001-0.117 0.001-0.256 0.001-0.395 0-41.848-31.51-76.336-72.098-81.034l-0.379-0.036z"
        ],
        "attrs": [
          {}
        ],
        "isMulticolor": false,
        "isMulticolor2": false,
        "grid": 0,
        "tags": [
          "phone-black-18dp 1"
        ],
        "colorPermutations": {
          "1171171171175177184125525525513315024313333331": [
            {}
          ]
        }
      },
      "attrs": [
        {}
      ],
      "properties": {
        "order": 87,
        "id": 27,
        "name": "phone-black-18dp-1",
        "prevSize": 32
      },
      "setIdx": 0,
      "setId": 7,
      "iconIdx": 3
    },
    {
      "icon": {
        "paths": [
          "M896 0l-768 432 245.437 90.902 378.563-354.902-287.946 388.467 0.234 0.086-0.288-0.086v211.536l137.642-160.579 174.362 64.579 119.997-672.003z"
        ],
        "attrs": [
          {
            "fill": "rgb(255, 255, 255)"
          }
        ],
        "isMulticolor": false,
        "isMulticolor2": false,
        "grid": 0,
        "tags": [
          "icon send"
        ],
        "colorPermutations": {
          "1171171171175177184125525525513315024313333331": [
            {
              "f": 4
            }
          ]
        }
      },
      "attrs": [
        {
          "fill": "rgb(255, 255, 255)"
        }
      ],
      "properties": {
        "order": 83,
        "id": 25,
        "name": "icon-send",
        "prevSize": 32
      },
      "setIdx": 0,
      "setId": 7,
      "iconIdx": 5
    },
    {
      "icon": {
        "paths": [
          "M896 0l-768 432 245.44 90.88 378.56-354.88-287.936 388.48 0.224 0.064-0.288-0.064v211.52l137.632-160.576 174.4 64.576 119.968-672z"
        ],
        "attrs": [
          {
            "fill": "rgb(255, 255, 255)"
          }
        ],
        "isMulticolor": false,
        "isMulticolor2": false,
        "grid": 0,
        "tags": [
          "icon send"
        ],
        "colorPermutations": {
          "1171171171175177184125525525513315024313333331": [
            {
              "f": 4
            }
          ]
        }
      },
      "attrs": [
        {
          "fill": "rgb(255, 255, 255)"
        }
      ],
      "properties": {
        "order": 84,
        "id": 24,
        "name": "icon-send1",
        "prevSize": 32
      },
      "setIdx": 0,
      "setId": 7,
      "iconIdx": 6
    },
    {
      "icon": {
        "paths": [
          "M544 0h-448c-52.928 0-96 43.072-96 96v832c0 52.928 43.072 96 96 96h448c52.928 0 96-43.072 96-96v-832c0-52.928-43.072-96-96-96zM96 64h448c17.673 0 32 14.327 32 32v0 672h-512v-672c0-17.673 14.327-32 32-32v0zM544 960h-448c-17.673 0-32-14.327-32-32v0-96h512v96c0 17.673-14.327 32-32 32v0z",
          "M150.656 879.296c5.767 5.232 9.374 12.755 9.374 21.12s-3.607 15.888-9.35 21.099l-0.024 0.021c-5.952 5.449-13.914 8.787-22.656 8.787s-16.704-3.339-22.681-8.81l0.025 0.023c-5.767-5.232-9.374-12.755-9.374-21.12s3.607-15.888 9.35-21.099l0.024-0.021c5.952-5.449 13.914-8.787 22.656-8.787s16.704 3.339 22.681 8.81l-0.025-0.023z"
        ],
        "attrs": [
          {
            "fill": "rgb(117, 117, 117)"
          },
          {
            "fill": "rgb(117, 117, 117)"
          }
        ],
        "width": 640,
        "isMulticolor": false,
        "isMulticolor2": false,
        "grid": 0,
        "tags": [
          "smartphone"
        ],
        "colorPermutations": {
          "1171171171175177184125525525513315024313333331": [
            {
              "f": 1
            },
            {
              "f": 1
            }
          ]
        }
      },
      "attrs": [
        {
          "fill": "rgb(117, 117, 117)"
        },
        {
          "fill": "rgb(117, 117, 117)"
        }
      ],
      "properties": {
        "order": 85,
        "id": 22,
        "name": "smartphone",
        "prevSize": 32
      },
      "setIdx": 0,
      "setId": 7,
      "iconIdx": 8
    },
    {
      "icon": {
        "paths": [
          "M1024 512c0 0.195 0 0.427 0 0.659 0 141.176-57.321 268.964-149.959 361.361l-0.011 0.011c-92.41 92.649-220.202 149.97-361.381 149.97-0.228 0-0.456-0-0.684-0l0.035 0c-0.193 0-0.421 0-0.649 0-141.179 0-268.97-57.321-361.37-149.959l-0.011-0.011c-92.649-92.41-149.97-220.202-149.97-361.381 0-0.228 0-0.456 0-0.684l-0 0.035c-0-0.193-0-0.421-0-0.649 0-141.179 57.321-268.97 149.959-361.37l0.011-0.011c92.41-92.649 220.202-149.97 361.381-149.97 0.228 0 0.456 0 0.684 0l-0.035-0c0.193-0 0.421-0 0.649-0 141.179 0 268.97 57.321 361.37 149.959l0.011 0.011c92.649 92.407 149.97 220.195 149.97 361.372 0 0.231-0 0.463-0 0.694l0-0.035z",
          "M744.262 416.116c-1.071-24.739-5.073-41.728-10.799-56.46-6.172-16.166-15.334-29.943-26.906-41.266l-0.020-0.020c-11.339-11.522-25.078-20.647-40.41-26.568l-0.783-0.266c-14.825-5.725-31.721-9.728-56.46-10.799-24.902-1.187-32.815-1.466-96.023-1.466-63.185 0-71.098 0.279-95.93 1.373-24.739 1.071-41.728 5.097-56.46 10.822-16.166 6.164-29.942 15.318-41.266 26.883l-0.019 0.020c-11.513 11.341-20.63 25.080-26.545 40.41l-0.266 0.783c-5.748 14.825-9.728 31.721-10.822 56.46-1.187 24.902-1.466 32.815-1.466 96.023 0 63.185 0.279 71.098 1.373 95.93 1.094 24.739 5.097 41.728 10.822 56.46 6.203 16.152 15.351 29.922 26.888 41.271l0.016 0.015c11.34 11.515 25.079 20.632 40.41 26.545l0.783 0.265c14.825 5.748 31.744 9.751 56.46 10.822 24.832 1.094 32.745 1.373 95.93 1.373 63.209 0 71.098-0.279 95.93-1.373 24.739-1.071 41.728-5.073 56.46-10.799 31.381-12.364 55.756-36.738 67.838-67.313l0.281-0.807c5.725-14.825 9.728-31.744 10.822-56.46 1.094-24.832 1.35-32.745 1.35-95.93s-0.093-71.098-1.164-95.93zM702.371 606.161c-1.024 22.737-4.841 35.002-8.006 43.171-8.018 20.375-23.843 36.2-43.695 44.036l-0.523 0.182c-8.145 3.165-20.527 6.982-43.171 7.983-24.553 1.094-31.907 1.373-94.022 1.373-62.092 0-69.562-0.279-94.022-1.373-22.737-1.001-35.002-4.817-43.194-8.006-10.481-3.913-19.407-9.831-26.7-17.344l-0.017-0.018c-7.518-7.322-13.44-16.244-17.219-26.22l-0.165-0.497c-3.165-8.192-6.982-20.55-7.983-43.194-1.094-24.553-1.373-31.93-1.373-94.022 0-62.115 0.279-69.585 1.373-94.022 1.001-22.737 4.817-35.002 7.983-43.194 3.909-10.505 9.863-19.446 17.431-26.718l0.024-0.022c7.334-7.517 16.273-13.433 26.266-17.197l0.498-0.164c8.145-3.165 20.527-6.982 43.171-8.006 24.553-1.071 31.93-1.35 94.022-1.35 62.185 0 69.562 0.256 94.022 1.35 22.737 1.001 35.002 4.817 43.194 8.006 10.077 3.724 19.27 9.635 26.717 17.361 7.727 7.564 13.638 16.64 17.385 26.764 3.165 8.145 6.982 20.527 7.983 43.171 1.094 24.553 1.373 31.907 1.373 94.022 0 62.092-0.279 69.353-1.373 93.929z",
          "M512.861 392.471c-0.007-0-0.015-0-0.023-0-66.052 0-119.599 53.546-119.599 119.599s53.546 119.599 119.599 119.599c66.052 0 119.599-53.546 119.599-119.599 0-0.008-0-0.016-0-0.025l0 0.001c-0.013-66.034-53.541-119.562-119.574-119.575l-0.001-0zM512.861 589.591c-42.835-0.007-77.556-34.732-77.556-77.568 0-42.84 34.728-77.568 77.568-77.568 0.004 0 0.008 0 0.012 0l-0.001-0c42.846-0 77.58 34.734 77.58 77.58s-34.734 77.58-77.58 77.58h0zM665.088 387.747c0 15.424-12.503 27.927-27.927 27.927s-27.927-12.503-27.927-27.927v-0c0-15.424 12.503-27.927 27.927-27.927s27.927 12.503 27.927 27.927v-0z"
        ],
        "attrs": [
          {
            "fill": "rgb(255, 255, 255)"
          },
          {
            "fill": "rgb(175, 177, 184)"
          },
          {
            "fill": "rgb(175, 177, 184)"
          }
        ],
        "isMulticolor": true,
        "isMulticolor2": false,
        "grid": 0,
        "tags": [
          "instagram"
        ],
        "colorPermutations": {
          "1171171171175177184125525525513315024313333331": [
            {
              "f": 4
            },
            {
              "f": 3
            },
            {
              "f": 3
            }
          ]
        }
      },
      "attrs": [
        {
          "fill": "rgb(255, 255, 255)"
        },
        {
          "fill": "rgb(175, 177, 184)"
        },
        {
          "fill": "rgb(175, 177, 184)"
        }
      ],
      "properties": {
        "order": 50,
        "id": 20,
        "name": "instagram",
        "prevSize": 32
      },
      "setIdx": 0,
      "setId": 7,
      "iconIdx": 10
    },
    {
      "icon": {
        "paths": [
          "M1024 512c0 0.193 0 0.421 0 0.649 0 141.179-57.321 268.97-149.959 361.37l-0.011 0.011c-92.414 92.649-220.209 149.97-361.391 149.97-0.225 0-0.45-0-0.675-0l0.035 0c-0.193 0-0.421 0-0.649 0-141.179 0-268.97-57.321-361.37-149.959l-0.011-0.011c-92.649-92.41-149.97-220.202-149.97-361.381 0-0.228 0-0.456 0-0.684l-0 0.035c-0-0.193-0-0.421-0-0.649 0-141.179 57.321-268.97 149.959-361.37l0.011-0.011c92.41-92.649 220.202-149.97 361.381-149.97 0.228 0 0.456 0 0.684 0l-0.035-0c0.193-0 0.421-0 0.649-0 141.179 0 268.97 57.321 361.37 149.959l0.011 0.011c92.649 92.41 149.97 220.202 149.97 361.381 0 0.228-0 0.456-0 0.684l0-0.035z",
          "M744.611 744.727h0.116v-170.729c0-83.503-17.967-147.828-115.596-147.828-46.941 0-78.429 25.74-91.299 50.153h-1.35v-42.356h-92.579v310.737h96.396v-153.856c0-40.518 7.68-79.709 57.856-79.709 49.431 0 50.176 46.243 50.176 82.292v151.296h96.279zM286.953 433.99h96.512v310.737h-96.512v-310.737zM335.174 279.273c-30.873 0-55.901 25.028-55.901 55.901v-0c0 30.836 25.041 56.413 55.901 56.413 30.836 0 55.878-25.577 55.878-56.413-0.013-30.86-25.020-55.875-55.875-55.901l-0.003-0z"
        ],
        "attrs": [
          {
            "fill": "rgb(255, 255, 255)"
          },
          {
            "fill": "rgb(175, 177, 184)"
          }
        ],
        "isMulticolor": true,
        "isMulticolor2": false,
        "grid": 0,
        "tags": [
          "linkedin"
        ],
        "colorPermutations": {
          "1171171171175177184125525525513315024313333331": [
            {
              "f": 4
            },
            {
              "f": 3
            }
          ]
        }
      },
      "attrs": [
        {
          "fill": "rgb(255, 255, 255)"
        },
        {
          "fill": "rgb(175, 177, 184)"
        }
      ],
      "properties": {
        "order": 51,
        "id": 19,
        "name": "linkedin",
        "prevSize": 32
      },
      "setIdx": 0,
      "setId": 7,
      "iconIdx": 11
    },
    {
      "icon": {
        "paths": [
          "M1024 512c0 0.193 0 0.421 0 0.649 0 141.179-57.321 268.97-149.959 361.37l-0.011 0.011c-92.414 92.649-220.209 149.97-361.391 149.97-0.225 0-0.45-0-0.675-0l0.035 0c-0.193 0-0.421 0-0.649 0-141.179 0-268.97-57.321-361.37-149.959l-0.011-0.011c-92.649-92.41-149.97-220.202-149.97-361.381 0-0.228 0-0.456 0-0.684l-0 0.035c-0-0.193-0-0.421-0-0.649 0-141.179 57.321-268.97 149.959-361.37l0.011-0.011c92.41-92.649 220.202-149.97 361.381-149.97 0.228 0 0.456 0 0.684 0l-0.035-0c0.193-0 0.421-0 0.649-0 141.179 0 268.97 57.321 361.37 149.959l0.011 0.011c92.649 92.41 149.97 220.202 149.97 361.381 0 0.228-0 0.456-0 0.684l0-0.035z",
          "M744.727 367.686c-16 7.175-34.563 12.467-54.004 14.954l-0.99 0.103c19.784-11.876 34.646-30.225 41.794-52.065l0.19-0.671c-17.418 10.509-37.691 18.52-59.287 22.881l-1.222 0.206c-17.455-18.632-42.211-30.241-69.679-30.241-52.685 0-95.395 42.71-95.395 95.395 0 0.036 0 0.072 0 0.108l-0-0.006c0 7.564 0.652 14.848 2.234 21.76-79.337-3.863-149.527-41.891-196.701-99.817-8.18 13.826-13.019 30.469-13.033 48.241l-0 0.004c0 33.047 16.989 62.348 42.356 79.29-15.883-0.439-30.67-4.742-43.574-11.997l0.473 0.245v1.047c0.042 46.035 32.528 84.47 75.824 93.677l0.627 0.112c-7.254 1.983-15.584 3.122-24.179 3.122-0.295 0-0.59-0.001-0.884-0.004l0.045 0c-0.448 0.009-0.976 0.013-1.505 0.013-5.859 0-11.578-0.598-17.099-1.736l0.545 0.094c12.358 37.795 47.453 65.583 89.158 66.49-32.204 25.364-73.355 40.681-118.084 40.681-0.082 0-0.165-0-0.247-0l0.013 0c-0.375 0.003-0.819 0.004-1.263 0.004-7.602 0-15.092-0.475-22.444-1.397l0.876 0.090c41.111 26.851 91.447 42.823 145.513 42.823 0.307 0 0.614-0.001 0.92-0.002l-0.048 0c175.593 0 271.593-145.455 271.593-271.546 0-4.189-0.14-8.285-0.349-12.335 18.891-13.616 34.772-30.031 47.393-48.818l0.432-0.683z"
        ],
        "attrs": [
          {
            "fill": "rgb(255, 255, 255)"
          },
          {
            "fill": "rgb(175, 177, 184)"
          }
        ],
        "isMulticolor": true,
        "isMulticolor2": false,
        "grid": 0,
        "tags": [
          "twitter"
        ],
        "colorPermutations": {
          "1171171171175177184125525525513315024313333331": [
            {
              "f": 4
            },
            {
              "f": 3
            }
          ]
        }
      },
      "attrs": [
        {
          "fill": "rgb(255, 255, 255)"
        },
        {
          "fill": "rgb(175, 177, 184)"
        }
      ],
      "properties": {
        "order": 52,
        "id": 18,
        "name": "twitter",
        "prevSize": 32
      },
      "setIdx": 0,
      "setId": 7,
      "iconIdx": 12
    },
    {
      "icon": {
        "paths": [
          "M984.737 707.131l-270.19-272.165 29.989-147.705c7.193 2.894 15.53 4.601 24.257 4.666l0.027 0h0.205c0.243 0.003 0.531 0.005 0.818 0.005 38.158 0 69.091-30.933 69.091-69.091s-30.933-69.091-69.091-69.091c-38.158 0-69.091 30.933-69.091 69.091 0 8.301 1.464 16.26 4.147 23.633l-0.153-0.48-158.72 19.383-258.896-260.257c-3.069-3.131-7.33-5.083-12.047-5.12l-0.007-0c-4.476 0.029-8.777 1.814-11.952 4.974l-48.377 48.128c-3.088 3.089-4.997 7.356-4.997 12.069s1.91 8.98 4.997 12.069l-0-0 26.039 26.405c-36.576 65.993-58.103 144.706-58.103 228.447 0 131.377 52.985 250.379 138.751 336.802l-0.030-0.030c1.375 1.317 2.955 2.355 4.681 3.116-1.024 5.245-1.629 11.295-1.667 17.478l-0 0.032v197.983h-204.8c-47.115 0.042-85.299 38.216-85.358 85.323l-0 0.006v34.128c0 9.435 7.651 17.072 17.072 17.072h785.072c9.421 0 17.057-7.636 17.057-17.072v-34.128c-0.058-47.102-38.226-85.27-85.323-85.328l-204.806-0v-87.742c32.080 6.729 64.775 10.152 97.558 10.24 82.553-0.090 160.151-21.217 227.748-58.307l-2.468 1.241 26.185 26.331c3.16 3.233 7.504 5.076 12.039 5.12 4.476-0.029 8.777-1.814 11.952-4.974l48.391-48.128c3.088-3.089 4.997-7.356 4.997-12.069s-1.91-8.98-4.997-12.069l0 0zM744.96 199.461c6.17-6.138 14.676-9.933 24.069-9.933 18.849 0 34.128 15.28 34.128 34.128s-15.28 34.128-34.128 34.128c-0.002 0-0.004-0-0.005-0l-0.117 0c-18.771-0.102-33.948-15.343-33.948-34.128 0-9.456 3.846-18.014 10.058-24.195l0.001-0.001h-0.059zM704.775 311.589l-19.149 94.267-37.61-37.844 56.759-56.422zM685.392 282.726l-61.44 61.089-47.543-47.792 108.983-13.297zM768.132 921.6c28.277 0 51.2 22.923 51.2 51.2v0 17.072h-750.928v-17.072c0-28.277 22.923-51.2 51.2-51.2v0h648.528zM529.203 853.328v34.143h-170.672v-34.143h170.672zM358.532 819.2v-129.712c0-41.399 38.283-75.088 85.328-75.088 47.060 0 85.343 33.69 85.343 75.088v129.712h-170.672zM563.332 764.928v-75.44c0-60.226-53.584-109.217-119.472-109.217-0.555-0.009-1.21-0.014-1.867-0.014-43.281 0-81.28 22.613-102.828 56.669l-0.295 0.499c-75.515-79.415-121.968-187.081-121.968-305.598 0-74.053 18.136-143.87 50.209-205.252l-1.165 2.448 595.266 598.674c-58.323 30.297-127.343 48.066-200.514 48.066-34.517 0-68.11-3.954-100.351-11.434l2.983 0.583zM924.584 743.044l-673.821-677.786 24.137-24.064 253.923 255.356c0.117 0 0.19 0.219 0.307 0.307l419.664 422.122-24.21 24.064z",
          "M444.021 648.528h-0.146c-0.024-0-0.052-0-0.080-0-28.277 0-51.2 22.923-51.2 51.2 0 28.249 22.877 51.154 51.115 51.2l0.004 0h0.146c0.022 0 0.047 0 0.073 0 28.277 0 51.2-22.923 51.2-51.2 0-28.251-22.881-51.158-51.123-51.2l-0.004-0zM455.958 711.841c-3.087 3.074-7.344 4.974-12.045 4.974-9.428 0-17.072-7.643-17.072-17.072 0-9.41 7.613-17.041 17.016-17.071l0.003-0c9.389 0.041 16.984 7.662 16.984 17.057 0 4.729-1.924 9.008-5.032 12.097l-0.001 0.001h0.146z"
        ],
        "attrs": [
          {
            "fill": "rgb(33, 33, 33)"
          },
          {
            "fill": "rgb(33, 150, 243)"
          }
        ],
        "isMulticolor": true,
        "isMulticolor2": false,
        "grid": 0,
        "tags": [
          "antenna 1"
        ],
        "colorPermutations": {
          "1171171171175177184125525525513315024313333331": [
            {
              "f": 0
            },
            {
              "f": 2
            }
          ]
        }
      },
      "attrs": [
        {
          "fill": "rgb(33, 33, 33)"
        },
        {
          "fill": "rgb(33, 150, 243)"
        }
      ],
      "properties": {
        "order": 53,
        "id": 17,
        "name": "antenna-1",
        "prevSize": 32
      },
      "setIdx": 0,
      "setId": 7,
      "iconIdx": 13
    },
    {
      "icon": {
        "paths": [
          "M1023.166 144.764c-2.040-6.112-7.274-10.624-13.671-11.589l-0.094-0.012-61.147-8.894-27.355-55.398c-5.72-11.674-24.869-11.674-30.588 0l-27.355 55.398-61.147 8.894c-8.317 1.238-14.625 8.33-14.625 16.895 0 4.786 1.97 9.112 5.143 12.212l44.269 43.128-10.445 60.884c-1.097 6.407 1.536 12.873 6.773 16.706 5.31 3.847 12.244 4.33 17.993 1.287l54.682-28.76 54.682 28.76c2.297 1.226 5.025 1.946 7.92 1.946 9.436 0 17.086-7.65 17.086-17.086 0-1.008-0.087-1.996-0.255-2.956l0.015 0.102-10.445-60.884 44.251-43.14c3.176-3.11 5.145-7.441 5.145-12.233 0-1.881-0.303-3.691-0.864-5.384l0.035 0.121zM944.362 187.246c-4.023 3.906-5.851 9.582-4.901 15.111l6.1 35.65-32.007-16.823c-2.306-1.242-5.047-1.972-7.958-1.972s-5.652 0.73-8.049 2.017l0.091-0.045-32.007 16.823 6.1-35.65c0.158-0.872 0.248-1.876 0.248-2.901 0-4.782-1.965-9.106-5.131-12.207l-0.003-0.003-25.936-25.264 35.811-5.193c5.559-0.805 10.357-4.301 12.859-9.348l16.004-32.417 16.004 32.417c2.487 5.047 7.285 8.543 12.859 9.348l35.811 5.193-25.893 25.264zM836.272 656.706h-34.128v34.143h34.128v-34.143zM836.272 724.992h-34.128v34.114h34.128v-34.114zM870.4 690.849h-34.128v34.128h34.128v-34.128zM802.143 690.849h-34.143v34.128h34.143v-34.128zM716.8 844.449h-34.128v34.128h34.128v-34.128zM716.8 912.72h-34.128v34.128h34.128v-34.128zM750.943 878.592h-34.143v34.128h34.143v-34.143zM682.672 878.592h-34.143v34.128h34.143v-34.143zM512 776.192h-34.128v34.128h34.128v-34.143zM512 844.449h-34.128v34.128h34.128v-34.128zM546.128 810.306h-34.128v34.143h34.128v-34.143zM477.872 810.306h-34.143v34.143h34.143v-34.143zM187.728 195.906h-34.128v34.128h34.128v-34.128zM187.728 264.177h-34.128v34.128h34.128v-34.114zM221.857 230.034h-34.128v34.143h34.128v-34.143zM153.6 230.034h-34.143v34.143h34.143v-34.143z",
          "M790.864 453.105c-8.957-12.044-22.351-20.353-37.72-22.508l-0.299-0.034c-2.442-0.371-5.259-0.584-8.125-0.584-13.139 0-25.238 4.458-34.865 11.944l0.128-0.096-40.097 30.705-60.723 45.349-43.447-17.32c77.473-34.757 131.628-112.26 131.628-202.24 0-122.339-99.913-221.872-222.749-221.872s-222.764 99.533-222.764 221.872c0 44.339 13.268 85.577 35.84 120.276l-88.591-0.775c-0.278 0-0.497 0.146-0.746 0.146-1.809 0.088-3.506 0.451-5.089 1.047l0.115-0.038c-0.41 0.146-0.834 0.234-1.229 0.424-0.205 0.088-0.41 0.102-0.614 0.205l-103.453 51.068c-0.015 0-0.044 0-0.044 0.029l-60.577 29.125c-0.777 0.352-1.44 0.728-2.064 1.156l0.045-0.029c-15.419 10.359-25.429 27.734-25.429 47.446 0 9.506 2.328 18.468 6.444 26.347l-0.15-0.314c7.025 13.554 18.958 23.745 33.39 28.328l0.402 0.11c5.139 1.687 11.054 2.66 17.196 2.66 9.86 0 19.135-2.507 27.222-6.919l-0.298 0.149 44.412-23.611 72.441-37.42 43.418-0.249-174.139 173.29c0 0.029-0.029 0.029-0.044 0.044l-42.832 42.657c-9.693 9.572-15.697 22.86-15.697 37.551 0 0.052 0 0.103 0 0.155l-0-0.008c0.058 29.421 23.922 53.248 53.35 53.248 0.026 0 0.051-0 0.077-0l-0.004 0c13.692 0 27.341-5.193 37.771-15.536l42.057-41.882 55.706-41.589 28.818 28.701-99.255 98.831c-9.693 9.572-15.697 22.86-15.697 37.551 0 0.046 0 0.093 0 0.139l-0-0.007c0 14.234 5.559 27.633 15.696 37.727 9.651 9.592 22.952 15.521 37.637 15.521 0.037 0 0.073-0 0.11-0l-0.006 0c13.678 0 27.355-5.179 37.771-15.521l143.623-143.111c0.219-0.205 0.512-0.278 0.717-0.497l165.303-181.058 111.075 15.799c0.805 0.117 1.609 0.176 2.414 0.176 2.048 0 4.052-0.497 5.998-1.229 0.556-0.205 1.039-0.483 1.58-0.746 0.614-0.307 1.258-0.483 1.843-0.878l102.824-68.257c0.38-0.263 0.585-0.673 0.936-0.951 0.41-0.322 0.922-0.453 1.302-0.819l40.667-38.107c11.123-10.418 18.054-25.195 18.054-41.591 0-12.802-4.225-24.617-11.358-34.127l0.106 0.147zM68.169 568.642c-3.14 1.733-6.883 2.752-10.865 2.752-2.5 0-4.907-0.402-7.158-1.145l0.161 0.046c-9.415-2.983-16.119-11.643-16.119-21.868 0-7.534 3.639-14.218 9.255-18.39l0.061-0.044 42.043-20.231 10.123 29.579 4.242 12.434-31.744 16.867zM180.078 510.157l-49.547 25.6-8.163-23.888-5.881-17.174 64.863-32.022-1.273 47.484zM663.259 298.306c0 29.389-7.022 57.11-19.163 81.905l-133.808-60.782c-1.393-18.401-10.957-34.315-25.033-44.273l-0.186-0.125 46.855-155.546c76.069 24.21 131.335 95.188 131.335 178.82zM286.018 298.306c0-103.512 84.612-187.743 188.621-187.743 8.090 0 16.004 0.688 23.845 1.682l-45.831 152.093c-0.614 0-1.185-0.19-1.829-0.19-0.009-0-0.019-0-0.029-0-33.025 0-59.806 26.73-59.889 59.735l-0 0.008c0.1 33.008 26.881 59.728 59.904 59.728 0.005 0 0.010-0 0.016-0l-0.001 0c22.235 0 41.428-12.259 51.785-30.223l123.611 56.144c-34.406 46.299-89.439 76.478-151.581 76.478-104.009 0-188.621-84.217-188.621-187.728zM476.628 323.906c0 14.117-11.586 25.6-25.805 25.6-0.013 0-0.029 0-0.044 0-14.165 0-25.657-11.446-25.731-25.593l-0-0.007c0-14.117 11.557-25.6 25.776-25.6s25.79 11.483 25.79 25.6zM78.863 804.674c-3.514 3.482-8.352 5.634-13.693 5.634-5.326 0-10.152-2.14-13.665-5.607l0.002 0.002c-3.479-3.448-5.633-8.227-5.633-13.509s2.154-10.062 5.631-13.508l0.001-0.001 30.793-30.676 27.268 27.136-30.676 30.544zM181.701 924.145c-3.514 3.482-8.352 5.634-13.693 5.634-5.326 0-10.152-2.14-13.665-5.607l0.002 0.002c-3.482-3.446-5.639-8.226-5.639-13.509s2.156-10.064 5.637-13.508l0.002-0.002 30.808-30.691 27.253 27.121-30.705 30.574zM293.113 813.144l-0.044 0.044-56.466 56.32-27.268-27.121 56.481-56.218c1.273-1.287 2.077-2.823 2.867-4.345 0.219-0.439 0.644-0.819 0.834-1.273 0.527-1.317 0.614-2.736 0.819-4.111 0.102-0.79 0.439-1.521 0.439-2.341 0-1.126-0.41-2.238-0.644-3.365-0.205-1.024-0.205-2.063-0.6-3.057-0.787-1.69-1.766-3.142-2.937-4.415l0.011 0.012c-0.322-0.38-0.439-0.848-0.79-1.214h-0.029s0-0.044-0.029-0.073l-51.419-51.2c-0.541-0.541-1.243-0.761-1.858-1.229-0.812-0.671-1.723-1.283-2.691-1.8l-0.088-0.043c-0.846-0.4-1.841-0.751-2.875-1.002l-0.109-0.022c-0.959-0.303-2.082-0.53-3.24-0.639l-0.066-0.005c-0.219-0.010-0.476-0.016-0.734-0.016-0.82 0-1.626 0.059-2.414 0.173l0.090-0.011c-1.141 0.146-2.209 0.293-3.321 0.658-1.083 0.336-2.033 0.878-3.013 1.434-0.644 0.351-1.36 0.483-1.946 0.922l-56.759 42.364-28.818-28.716 76.771-76.361 139.527 137.245-29.681 29.403zM511.327 588.61c-0.497-0.073-0.965 0.117-1.463 0.088-0.254-0.014-0.552-0.022-0.851-0.022-1.002 0-1.983 0.088-2.936 0.256l0.101-0.015c-2.225 0.355-4.217 1.126-5.975 2.233l0.066-0.039c-0.951 0.585-1.814 1.185-2.648 1.96-0.41 0.351-0.907 0.527-1.287 0.936l-150.323 164.659-138.503-136.207 90.653-90.185c3.084-3.091 4.991-7.357 4.991-12.069 0-9.436-7.65-17.086-17.086-17.086-0.016 0-0.033 0-0.049 0l0.003-0-71.007 0.41 0.892-51.434 99.328 0.848c40.435 41.494 96.865 67.233 159.307 67.233 0.035 0 0.071-0 0.106-0l-0.006 0c14 0 27.648-1.463 40.945-3.92 1.273 1.024 2.545 2.048 4.14 2.706l77.122 30.72 4.871 24.269 5.705 28.336-96.095-13.678zM640.644 594.315l-10.021-49.854 46.285-34.567 30.281 40.214-66.56 44.208zM760.744 503.72l-26.8 25.117-29.798-39.556 26.595-20.392c4.974-3.818 11.235-5.383 17.379-4.579 6.173 0.878 11.644 4.096 15.36 9.099 2.813 3.755 4.505 8.491 4.505 13.623 0 6.578-2.78 12.507-7.228 16.676l-0.013 0.012z",
          "M435.273 593.408l-68.579-68.272c-3.085-3.074-7.34-4.974-12.039-4.974s-8.955 1.9-12.040 4.975l-68.564 68.271c-3.088 3.1-4.996 7.376-4.996 12.098s1.909 8.998 4.997 12.098l-0.001-0.001 68.549 68.272c3.085 3.078 7.344 4.981 12.047 4.981s8.961-1.903 12.047-4.982l-0 0 68.579-68.272c3.105-3.092 5.027-7.37 5.027-12.098s-1.921-9.006-5.026-12.097l-0.001-0.001zM354.67 649.699l-44.383-44.178 44.368-44.193 44.398 44.178-44.398 44.178zM549.259 162.26l-8.251 33.148c2.282 0.571 55.603 14.453 55.603 68.754h34.143c0-64.541-53.307-94.881-81.496-101.903zM630.755 298.306h-34.143v34.128h34.143v-34.128z"
        ],
        "attrs": [
          {
            "fill": "rgb(33, 150, 243)"
          },
          {
            "fill": "rgb(33, 33, 33)"
          },
          {
            "fill": "rgb(33, 33, 33)"
          }
        ],
        "isMulticolor": true,
        "isMulticolor2": false,
        "grid": 0,
        "tags": [
          "astronaut 1"
        ],
        "colorPermutations": {
          "1171171171175177184125525525513315024313333331": [
            {
              "f": 2
            },
            {
              "f": 0
            },
            {
              "f": 0
            }
          ]
        }
      },
      "attrs": [
        {
          "fill": "rgb(33, 150, 243)"
        },
        {
          "fill": "rgb(33, 33, 33)"
        },
        {
          "fill": "rgb(33, 33, 33)"
        }
      ],
      "properties": {
        "order": 54,
        "id": 16,
        "name": "astronaut-1",
        "prevSize": 32
      },
      "setIdx": 0,
      "setId": 7,
      "iconIdx": 14
    },
    {
      "icon": {
        "paths": [
          "M456.653 763.477c4.164 4.71 6.366 10.615 6.263 16.674 0.021 0.377 0.033 0.818 0.033 1.262 0 3.729-0.836 7.262-2.332 10.423l0.063-0.148c-1.795 3.799-4.323 6.982-7.424 9.483l-0.051 0.040c-7.066 4.869-15.811 7.777-25.236 7.777-1.035 0-2.062-0.035-3.079-0.104l0.138 0.007h-49.562v-105.643h48.538c0.858-0.059 1.86-0.093 2.87-0.093 8.93 0 17.242 2.645 24.196 7.194l-0.169-0.104c3.14 2.423 5.632 5.461 7.253 8.875 1.638 3.447 2.372 7.168 2.167 10.923 0.273 5.803-1.707 11.554-5.632 16.145-3.772 4.198-8.977 7.1-14.78 8.26 6.571 1.092 12.51 4.301 16.725 9.045zM398.524 747.537h20.753c4.71 0.307 9.387-0.939 13.193-3.516 1.508-1.252 2.707-2.823 3.501-4.613l0.032-0.080c0.61-1.365 0.965-2.957 0.965-4.633 0-0.352-0.016-0.7-0.046-1.044l0.003 0.044c0.021-0.267 0.033-0.578 0.033-0.891 0-1.707-0.358-3.331-1.002-4.8l0.030 0.077c-0.816-1.868-1.99-3.442-3.448-4.696l-0.017-0.014c-3.349-2.274-7.482-3.631-11.931-3.631-0.582 0-1.159 0.023-1.729 0.069l0.075-0.005h-20.429v27.733zM434.5 788.053c1.619-1.285 2.913-2.907 3.789-4.766l0.034-0.081c0.697-1.485 1.103-3.225 1.103-5.060 0-0.291-0.010-0.581-0.030-0.867l0.002 0.039c0.015-0.231 0.024-0.502 0.024-0.774 0-1.887-0.424-3.675-1.183-5.274l0.032 0.075c-0.933-1.948-2.249-3.575-3.862-4.842l-0.029-0.022c-3.569-2.421-7.972-3.865-12.711-3.865-0.488 0-0.971 0.015-1.451 0.045l0.066-0.003h-21.76v29.065h22.050c4.949 0.256 9.865-1.024 13.926-3.669zM555.861 808.909l-26.982-41.301h-10.155v41.301h-23.228v-105.66h43.981c0.938-0.068 2.032-0.107 3.135-0.107 10.346 0 19.896 3.411 27.585 9.17l-0.12-0.086c6.144 5.734 9.865 13.295 10.462 21.299 0.049 0.664 0.078 1.438 0.078 2.218 0 7.702-2.743 14.763-7.305 20.26l0.042-0.052c-5.456 5.615-12.68 9.485-20.772 10.71l-0.203 0.025 28.757 42.223h-25.259zM518.724 753.203h18.995c13.193 0 19.797-5.325 19.797-15.991 0.016-0.255 0.025-0.552 0.025-0.852 0-2.002-0.404-3.909-1.136-5.644l0.036 0.096c-0.894-2.149-2.172-3.975-3.764-5.471l-0.008-0.008c-3.607-2.723-8.167-4.361-13.108-4.361-0.648 0-1.29 0.028-1.924 0.083l0.082-0.006h-19.217l0.222 32.154zM682.837 787.627h-46.285l-8.175 21.282h-24.354l42.496-104.482h26.351l42.325 104.482h-24.337l-8.004-21.265zM676.642 771.635l-16.913-44.595-16.913 44.595h33.826zM841.762 808.909h-23.040l-51.712-71.851v71.851h-23.006v-105.677h23.006l51.712 72.277v-72.277h23.040v105.677zM973.363 783.616c-4.779 7.97-12.032 14.473-20.873 18.637-8.963 4.218-19.467 6.68-30.547 6.68-0.661 0-1.32-0.009-1.977-0.026l0.097 0.002h-41.028v-105.66h41.045c0.575-0.016 1.251-0.025 1.93-0.025 11.045 0 21.531 2.398 30.964 6.701l-0.467-0.191c8.823 4.096 16.094 10.513 20.855 18.432 4.745 8.602 7.219 18.091 7.219 27.733 0 9.626-2.475 19.115-7.219 27.716zM946.978 781.090c6.258-6.552 10.128-15.43 10.189-25.213l0-0.012c0-9.25-3.618-18.193-10.189-25.207-7.148-5.658-16.293-9.076-26.238-9.076-0.929 0-1.85 0.030-2.764 0.089l0.125-0.006h-16.009v68.403h16.009c0.792 0.053 1.717 0.083 2.649 0.083 9.939 0 19.080-3.412 26.318-9.128l-0.090 0.068zM697.276 115.49s297.609 102.878 291.311 251.75v251.802s-297.404-102.912-291.209-251.802l-0.102-251.75zM1253.717 560.094c56.218-35.413 121.225-57.344 189.099-63.795v-78.848c-78.199 27.614-144.555 77.653-189.099 142.643z",
          "M1219.959 583.851c45.995-84.821 125.747-150.272 222.857-182.903v-227.123s-423.851 146.551-414.891 358.554v358.502s18.893-6.554 48.606-18.842c0-11.452 0-23.023 1.365-34.645 8.755-98.406 59.853-189.611 142.063-253.559z",
          "M1179.648 717.022c2.219-24.866 7.185-49.459 14.814-73.404-51.166 55.211-82.176 123.733-88.61 195.908-0.631 6.81-0.973 13.619-1.143 20.651 35.36-15.469 62.134-28.63 88.36-42.682l-6.832 3.344c-7.509-34.15-9.728-69.103-6.588-103.817zM1196.51 718.319c-0.831 8.72-1.305 18.854-1.305 29.098 0 22.975 2.383 45.393 6.915 67.020l-0.371-2.115c115.797-63.454 245.931-161.485 240.896-279.945v-10.325c-82.739 8.482-160.137 41.591-220.331 94.259-13.282 29.831-22.458 64.434-25.73 100.738l-0.092 1.269z"
        ],
        "attrs": [
          {
            "fill": "rgb(175, 177, 184)"
          },
          {
            "fill": "rgb(175, 177, 184)"
          },
          {
            "fill": "rgb(175, 177, 184)"
          }
        ],
        "width": 1809,
        "isMulticolor": false,
        "isMulticolor2": false,
        "grid": 0,
        "tags": [
          "brand"
        ],
        "colorPermutations": {
          "1171171171175177184125525525513315024313333331": [
            {
              "f": 3
            },
            {
              "f": 3
            },
            {
              "f": 3
            }
          ]
        }
      },
      "attrs": [
        {
          "fill": "rgb(175, 177, 184)"
        },
        {
          "fill": "rgb(175, 177, 184)"
        },
        {
          "fill": "rgb(175, 177, 184)"
        }
      ],
      "properties": {
        "order": 55,
        "id": 15,
        "name": "brand",
        "prevSize": 32
      },
      "setIdx": 0,
      "setId": 7,
      "iconIdx": 15
    },
    {
      "icon": {
        "paths": [
          "M1001.487 489.633c-0.044-270.468-219.355-489.691-489.852-489.633-270.482 0.059-489.691 219.37-489.633 489.852 0.057 217.208 141.506 401.364 337.309 465.437l3.463 0.981c1.946 0.614 3.95 0.922 5.998 0.922 3.847 0 7.621-1.039 10.942-2.999 4.33-2.56 7.548-6.627 9.070-11.41l123.67-392.002c33.714-0.117 61-27.475 61-61.206 0-33.803-27.403-61.206-61.206-61.206-9.701 0-18.875 2.257-27.025 6.274l0.359-0.16-163.387-163.416c-3.664-3.535-8.658-5.713-14.161-5.713-11.27 0-20.407 9.136-20.407 20.407 0 5.506 2.181 10.503 5.726 14.174l-0.006-0.006 163.299 163.489c-3.863 7.71-6.124 16.8-6.124 26.417 0 19.251 9.061 36.385 23.15 47.371l0.134 0.1-117.833 373.541c-232.887-85.797-352.139-344.137-266.357-577.024 85.797-232.887 344.123-352.139 577.024-266.342 232.887 85.782 352.139 344.123 266.342 577.009-43.032 114.601-128.103 204.999-235.963 254.019l-2.819 1.147-12.727-59.977c-2.009-9.318-10.179-16.199-19.957-16.199-5.235 0-10.009 1.973-13.62 5.215l0.019-0.017-122.778 109.627c-4.217 3.753-6.859 9.195-6.859 15.255 0 9.068 5.918 16.753 14.103 19.404l0.144 0.040 156.76 50.030c1.87 0.625 4.023 0.985 6.261 0.985 11.262 0 20.392-9.13 20.392-20.392 0-1.515-0.165-2.991-0.478-4.412l0.025 0.135-12.507-58.836c176.885-75.979 298.512-248.692 298.512-449.812 0-0.366-0-0.731-0.001-1.097l0 0.057zM511.751 469.241c11.27-0 20.407 9.136 20.407 20.407s-9.136 20.407-20.407 20.407h-0c-11.27 0-20.407-9.136-20.407-20.407s9.136-20.407 20.407-20.407l-0 0zM578.955 944.889l69.895-62.347 19.295 90.887-89.19-28.54z",
          "M491.344 101.917v40.814c0 11.27 9.136 20.407 20.407 20.407s20.407-9.136 20.407-20.407l-0-0v-40.814c0-11.27-9.136-20.407-20.407-20.407s-20.407 9.136-20.407 20.407v-0zM124.036 469.241c-11.27-0-20.407 9.136-20.407 20.407s9.136 20.407 20.407 20.407h40.814c11.27 0 20.407-9.136 20.407-20.407s-9.136-20.407-20.407-20.407l-40.814 0zM899.467 510.054c11.27 0 20.407-9.136 20.407-20.407s-9.136-20.407-20.407-20.407l-40.814 0c-11.27-0-20.407 9.136-20.407 20.407s9.136 20.407 20.407 20.407h40.814z"
        ],
        "attrs": [
          {
            "fill": "rgb(33, 33, 33)"
          },
          {
            "fill": "rgb(33, 150, 243)"
          }
        ],
        "isMulticolor": true,
        "isMulticolor2": false,
        "grid": 0,
        "tags": [
          "clock 1"
        ],
        "colorPermutations": {
          "1171171171175177184125525525513315024313333331": [
            {
              "f": 0
            },
            {
              "f": 2
            }
          ]
        }
      },
      "attrs": [
        {
          "fill": "rgb(33, 33, 33)"
        },
        {
          "fill": "rgb(33, 150, 243)"
        }
      ],
      "properties": {
        "order": 56,
        "id": 14,
        "name": "clock-1",
        "prevSize": 32
      },
      "setIdx": 0,
      "setId": 7,
      "iconIdx": 16
    },
    {
      "icon": {
        "paths": [
          "M855.272 101.282c3.932 0 8.149 0.36 12.361 0.719 0.413 0.035 0.826 0.070 1.239 0.105 20.355 1.435 40.566 4.483 60.443 9.114v-48.867c-20.468-5.135-41.342-8.461-62.385-9.938-7.987-0.608-16.493-0.998-25.214-1.215h-7.296c-42.238 0.159-84.294 5.582-125.204 16.144-46.597 11.621-91.322 29.812-132.847 54.032v484.637c39.982-21.724 82.528-38.303 126.63-49.345 34.823-8.885 70.42-14.35 106.295-16.317h1.425c6.001-0.304 12.001-0.478 18.176-0.522v-49.647c-46.614 0.599-92.991 6.762-138.158 18.357-16.708 4.34-32.855 9.027-48.009 14.235l-17.27 5.859v-377.876l7.383-3.559c56.34-26.716 117.277-42.262 179.475-45.786 0.517-0.038 1.036-0.038 1.553 0 6.864-0.347 13.773-0.521 20.552-0.521h7.77v0c3.584 0.087 7.168 0.174 10.75 0.391h2.331zM941.274 151.234c10.836 0.825 22.062 1.215 33.417 1.215 44.402-0.162 88.615-5.833 131.637-16.882 44.081-11.084 86.608-27.675 126.587-49.388v476c-41.547 24.206-86.286 42.395-132.89 54.031-40.917 10.523-82.97 15.93-125.204 16.102-32.002 0.258-63.91-3.504-94.983-11.197v-479.082c7.339 1.693 14.894 3.255 22.579 4.557 12.607 2.127 25.905 3.689 38.857 4.644zM1183.524 154.923l-17.27 5.815c-15.889 5.338-31.906 10.112-48.010 14.365-46.886 12.049-95.073 18.229-143.468 18.401-11.267 0-21.629-0.304-31.645-0.956l-13.773-0.911v388.726l11.829 1.041c10.967 0.956 22.279 1.432 33.676 1.432 38.118-0.16 76.070-5.074 112.986-14.624 30.397-7.625 59.972-18.251 88.291-31.725l7.383-3.558v-378.006z",
          "M609.913 771.625c-2.481-2.575-5.475-4.598-8.784-5.936-3.311-1.338-6.863-1.963-10.428-1.833-3.799-0.051-7.571 0.657-11.095 2.084-3.232 1.287-6.17 3.22-8.636 5.685-2.437 2.471-4.335 5.427-5.569 8.68-1.353 3.408-2.029 7.050-1.987 10.72v64.751c-0.154 4.562 0.717 9.102 2.548 13.28 1.527 3.318 3.734 6.275 6.475 8.68 2.589 2.179 5.627 3.75 8.895 4.601 3.147 0.884 6.402 1.336 9.67 1.345 3.606 0.036 7.175-0.736 10.448-2.256 3.236-1.417 6.17-3.451 8.636-5.99 2.403-2.516 4.321-5.458 5.654-8.68 1.384-3.265 2.089-6.779 2.074-10.329v-7.247h-16.925v5.772c0.051 1.971-0.287 3.932-0.993 5.772-0.551 1.377-1.389 2.621-2.461 3.645-1.048 0.847-2.249 1.481-3.54 1.865-1.143 0.381-2.336 0.585-3.54 0.608-1.512 0.176-3.041-0.051-4.437-0.662-1.394-0.609-2.604-1.579-3.507-2.809-1.596-2.603-2.377-5.625-2.244-8.68v-60.368c-0.106-3.347 0.606-6.67 2.072-9.677 0.879-1.367 2.121-2.458 3.587-3.149s3.094-0.954 4.702-0.758c1.459-0.051 2.908 0.253 4.224 0.887s2.459 1.582 3.331 2.758c1.894 2.487 2.884 5.55 2.806 8.68v5.598h16.753v-6.596c0.032-3.874-0.671-7.719-2.074-11.327-1.249-3.393-3.174-6.494-5.656-9.114v0z",
          "M710.467 770.886c-5.396-4.557-12.208-7.074-19.255-7.117-3.447 0.014-6.866 0.631-10.103 1.823-3.287 1.178-6.32 2.975-8.936 5.294-2.804 2.521-5.041 5.613-6.564 9.071-1.705 3.954-2.543 8.233-2.461 12.542v62.104c-0.116 4.369 0.724 8.709 2.461 12.716 1.533 3.338 3.772 6.301 6.564 8.678 2.587 2.403 5.625 4.262 8.936 5.47 3.238 1.191 6.656 1.807 10.103 1.823 3.447-0.007 6.868-0.625 10.102-1.823 3.369-1.225 6.473-3.081 9.153-5.47 2.7-2.422 4.874-5.376 6.39-8.678 1.737-4.007 2.579-8.347 2.461-12.716v-62.104c0.084-4.309-0.756-8.588-2.461-12.542-1.505-3.422-3.678-6.506-6.39-9.071v0zM702.566 854.603c0.142 1.655-0.087 3.321-0.669 4.876-0.584 1.555-1.505 2.958-2.698 4.108-2.236 1.874-5.055 2.901-7.967 2.901s-5.729-1.027-7.965-2.901c-1.195-1.15-2.116-2.553-2.698-4.108-0.584-1.555-0.812-3.22-0.669-4.876v-62.104c-0.143-1.655 0.085-3.321 0.669-4.876 0.582-1.555 1.504-2.959 2.698-4.108 2.236-1.874 5.053-2.901 7.965-2.901s5.731 1.027 7.967 2.901c1.193 1.149 2.115 2.553 2.698 4.108 0.582 1.555 0.811 3.22 0.669 4.876v62.104z",
          "M842.535 882.336v-117.567h-16.276l-21.371 62.234h-0.302l-21.545-62.234h-16.104v117.567h16.795v-71.521h0.302l16.449 50.56h8.376l16.579-50.56h0.302v71.521h16.795z",
          "M937.952 773.012c-2.587-2.901-5.85-5.11-9.499-6.424-3.93-1.278-8.044-1.894-12.175-1.823h-24.953v117.569h16.751v-45.916h8.634c5.228 0.237 10.428-0.869 15.111-3.212 3.809-2.115 6.985-5.217 9.197-8.984 1.937-3.127 3.243-6.608 3.842-10.242 0.659-4.424 0.963-8.895 0.906-13.367 0.164-5.646-0.387-11.29-1.64-16.795-1.118-4.069-3.241-7.788-6.173-10.807v0zM929.316 808.859c-0.072 2.128-0.602 4.217-1.555 6.12-0.957 1.807-2.471 3.255-4.316 4.122-2.481 1.111-5.188 1.616-7.902 1.476h-7.641v-39.97h8.634c2.601-0.128 5.192 0.379 7.555 1.475 1.732 0.995 3.108 2.514 3.929 4.34 0.916 2.065 1.415 4.294 1.468 6.554 0 2.475 0 5.077 0 7.811s0.172 5.555 0 8.073h-0.172z",
          "M1017.305 764.769h-13.73l-25.904 117.567h16.751l4.922-25.259h22.839l4.922 25.259h16.753l-26.552-117.567zM1001.847 841.064l8.247-42.617h0.302l8.204 42.617h-16.753z",
          "M1125.542 835.596h-0.302l-25.3-70.827h-16.104v117.567h16.751v-70.697h0.346l25.602 70.697h15.758v-117.567h-16.751v70.827z",
          "M1227.906 764.769l-13.471 46.74h-0.345l-13.471-46.74h-17.744l23.011 67.876v49.691h16.753v-49.691l23.011-67.876h-17.744z",
          "M563.2 915.533h8.074v22.654h5.482v-22.654h8.032v-4.644h-21.588v4.644z",
          "M631.069 910.889l-10.578 27.298h5.828l2.246-6.205h10.88l2.331 6.205h5.958l-10.837-27.298h-5.828zM630.205 927.38l3.714-10.112 3.712 10.112h-7.426z",
          "M698.161 928.121h6.304v3.516c-1.841 1.476-4.122 2.285-6.477 2.301-1.101 0.061-2.2-0.143-3.207-0.596-1.007-0.454-1.891-1.142-2.579-2.009-1.447-2.079-2.161-4.584-2.029-7.117 0-6.076 2.633-9.114 7.857-9.114 1.376-0.138 2.755 0.225 3.886 1.021 1.133 0.795 1.944 1.973 2.289 3.318l5.396-1.041c-1.166-5.338-5.007-8.028-11.571-8.028-3.509-0.094-6.922 1.164-9.54 3.516-1.376 1.357-2.441 3-3.118 4.815-0.679 1.814-0.956 3.755-0.811 5.687-0.16 3.736 1.089 7.393 3.497 10.243 1.336 1.379 2.956 2.449 4.745 3.139s3.705 0.98 5.617 0.853c4.272 0.119 8.421-1.437 11.571-4.34v-10.762h-11.831v4.599z",
          "M766.679 910.889h-5.526v27.298h19.125v-4.644h-13.599v-22.654z",
          "M824.619 910.889h-5.526v27.298h5.526v-27.298z",
          "M881.263 929.118l-11.182-18.229h-5.354v27.298h5.137v-17.836l10.967 17.836h5.484v-27.298h-5.052v18.229z",
          "M932.468 926.165h13.6v-4.644h-13.6v-5.989h14.636v-4.644h-20.163v27.298h20.724v-4.644h-15.198v-7.378z",
          "M1056.635 921.653h-10.75v-10.764h-5.482v27.298h5.482v-11.935h10.75v11.935h5.484v-27.298h-5.484v10.764z",
          "M1108.142 926.165h13.643v-4.644h-13.643v-5.989h14.679v-4.644h-20.163v27.298h20.68v-4.644h-15.196v-7.378z",
          "M1177.998 926.167c4.748-0.737 7.166-3.255 7.166-7.595 0.138-1.161-0.038-2.338-0.509-3.407-0.471-1.070-1.22-1.992-2.169-2.669-2.471-1.242-5.229-1.795-7.987-1.606h-11.569v27.298h5.484v-11.414h1.079c1.169-0.072 2.338 0.137 3.41 0.608 0.802 0.495 1.469 1.179 1.944 1.997l5.958 8.68h6.562l-3.325-5.338c-1.469-2.635-3.541-4.881-6.043-6.554v0zM1172.47 922.392h-4.057v-6.857h4.316c1.881-0.152 3.773 0.068 5.571 0.65 0.399 0.353 0.713 0.792 0.922 1.283s0.302 1.024 0.278 1.558c-0.026 0.532-0.169 1.055-0.422 1.524s-0.608 0.877-1.038 1.19c-1.802 0.553-3.69 0.773-5.571 0.652v0z",
          "M1230.671 926.165h13.599v-4.644h-13.599v-5.989h14.679v-4.644h-20.205v27.298h20.722v-4.644h-15.196v-7.378z"
        ],
        "attrs": [
          {
            "fill": "rgb(175, 177, 184)"
          },
          {
            "fill": "rgb(175, 177, 184)"
          },
          {
            "fill": "rgb(175, 177, 184)"
          },
          {
            "fill": "rgb(175, 177, 184)"
          },
          {
            "fill": "rgb(175, 177, 184)"
          },
          {
            "fill": "rgb(175, 177, 184)"
          },
          {
            "fill": "rgb(175, 177, 184)"
          },
          {
            "fill": "rgb(175, 177, 184)"
          },
          {
            "fill": "rgb(175, 177, 184)"
          },
          {
            "fill": "rgb(175, 177, 184)"
          },
          {
            "fill": "rgb(175, 177, 184)"
          },
          {
            "fill": "rgb(175, 177, 184)"
          },
          {
            "fill": "rgb(175, 177, 184)"
          },
          {
            "fill": "rgb(175, 177, 184)"
          },
          {
            "fill": "rgb(175, 177, 184)"
          },
          {
            "fill": "rgb(175, 177, 184)"
          },
          {
            "fill": "rgb(175, 177, 184)"
          },
          {
            "fill": "rgb(175, 177, 184)"
          },
          {
            "fill": "rgb(175, 177, 184)"
          }
        ],
        "width": 1809,
        "isMulticolor": false,
        "isMulticolor2": false,
        "grid": 0,
        "tags": [
          "company"
        ],
        "colorPermutations": {
          "1171171171175177184125525525513315024313333331": [
            {
              "f": 3
            },
            {
              "f": 3
            },
            {
              "f": 3
            },
            {
              "f": 3
            },
            {
              "f": 3
            },
            {
              "f": 3
            },
            {
              "f": 3
            },
            {
              "f": 3
            },
            {
              "f": 3
            },
            {
              "f": 3
            },
            {
              "f": 3
            },
            {
              "f": 3
            },
            {
              "f": 3
            },
            {
              "f": 3
            },
            {
              "f": 3
            },
            {
              "f": 3
            },
            {
              "f": 3
            },
            {
              "f": 3
            },
            {
              "f": 3
            }
          ]
        }
      },
      "attrs": [
        {
          "fill": "rgb(175, 177, 184)"
        },
        {
          "fill": "rgb(175, 177, 184)"
        },
        {
          "fill": "rgb(175, 177, 184)"
        },
        {
          "fill": "rgb(175, 177, 184)"
        },
        {
          "fill": "rgb(175, 177, 184)"
        },
        {
          "fill": "rgb(175, 177, 184)"
        },
        {
          "fill": "rgb(175, 177, 184)"
        },
        {
          "fill": "rgb(175, 177, 184)"
        },
        {
          "fill": "rgb(175, 177, 184)"
        },
        {
          "fill": "rgb(175, 177, 184)"
        },
        {
          "fill": "rgb(175, 177, 184)"
        },
        {
          "fill": "rgb(175, 177, 184)"
        },
        {
          "fill": "rgb(175, 177, 184)"
        },
        {
          "fill": "rgb(175, 177, 184)"
        },
        {
          "fill": "rgb(175, 177, 184)"
        },
        {
          "fill": "rgb(175, 177, 184)"
        },
        {
          "fill": "rgb(175, 177, 184)"
        },
        {
          "fill": "rgb(175, 177, 184)"
        },
        {
          "fill": "rgb(175, 177, 184)"
        }
      ],
      "properties": {
        "order": 57,
        "id": 13,
        "name": "company",
        "prevSize": 32
      },
      "setIdx": 0,
      "setId": 7,
      "iconIdx": 17
    },
    {
      "icon": {
        "paths": [
          "M1237.333 0h-1109.333c-70.571 0-128 57.429-128 128v768c0 70.571 57.429 128 128 128h1109.333c70.571 0 128-57.429 128-128v-768c0-70.571-57.429-128-128-128zM1237.333 85.333c5.803 0 11.349 1.195 16.384 3.328l-571.051 494.933-571.051-494.933c4.836-2.091 10.465-3.313 16.378-3.328l0.006-0h1109.333zM1237.333 938.667h-1109.333c-23.564 0-42.667-19.103-42.667-42.667v0-717.227l569.344 493.483c7.448 6.5 17.256 10.464 27.989 10.464s20.541-3.963 28.040-10.507l-0.051 0.043 569.344-493.483v717.227c0 23.564-19.103 42.667-42.667 42.667v0z"
        ],
        "attrs": [
          {
            "fill": "rgb(33, 150, 243)"
          }
        ],
        "width": 1365,
        "isMulticolor": false,
        "isMulticolor2": false,
        "grid": 0,
        "tags": [
          "email"
        ],
        "colorPermutations": {
          "1171171171175177184125525525513315024313333331": [
            {
              "f": 2
            }
          ]
        }
      },
      "attrs": [
        {
          "fill": "rgb(33, 150, 243)"
        }
      ],
      "properties": {
        "order": 60,
        "id": 10,
        "name": "email",
        "prevSize": 32
      },
      "setIdx": 0,
      "setId": 7,
      "iconIdx": 20
    },
    {
      "icon": {
        "paths": [
          "M682.496 169.984h93.542v-162.816c-39.438-4.57-85.133-7.177-131.438-7.177-1.672 0-3.343 0.003-5.013 0.010l0.259-0.001c-134.81 0-227.174 84.787-227.174 240.64v143.36h-148.685v182.016h148.685v457.984h182.374v-457.933h142.694l22.682-182.016h-165.427v-125.491c0-52.582 14.182-88.576 87.501-88.576z"
        ],
        "attrs": [
          {
            "fill": "rgb(175, 177, 184)"
          }
        ],
        "isMulticolor": false,
        "isMulticolor2": false,
        "grid": 0,
        "tags": [
          "facebook 1"
        ],
        "colorPermutations": {
          "1171171171175177184125525525513315024313333331": [
            {
              "f": 3
            }
          ]
        }
      },
      "attrs": [
        {
          "fill": "rgb(175, 177, 184)"
        }
      ],
      "properties": {
        "order": 61,
        "id": 9,
        "name": "facebook-1",
        "prevSize": 32
      },
      "setIdx": 0,
      "setId": 7,
      "iconIdx": 21
    },
    {
      "icon": {
        "paths": [
          "M682.542 170.026h93.481v-162.816c-16.128-2.219-71.593-7.211-136.192-7.211-134.783 0-227.114 84.778-227.114 240.598v143.402h-148.736v182.016h148.736v457.984h182.36v-457.943h142.72l22.656-182.014h-165.422v-125.397c0.046-52.608 14.208-88.619 87.511-88.619v0z"
        ],
        "attrs": [
          {
            "fill": "rgb(255, 255, 255)"
          }
        ],
        "isMulticolor": false,
        "isMulticolor2": false,
        "grid": 0,
        "tags": [
          "facebook-foot"
        ],
        "colorPermutations": {
          "1171171171175177184125525525513315024313333331": [
            {
              "f": 4
            }
          ]
        }
      },
      "attrs": [
        {
          "fill": "rgb(255, 255, 255)"
        }
      ],
      "properties": {
        "order": 62,
        "id": 8,
        "name": "facebook-foot",
        "prevSize": 32
      },
      "setIdx": 0,
      "setId": 7,
      "iconIdx": 22
    },
    {
      "icon": {
        "paths": [
          "M412.092 360.158h-0.051c-40.926 0-74.103 29.474-74.103 65.843v0.051c0 36.369 33.178 65.86 74.103 65.86h0.051c40.926 0 74.103-29.491 74.103-65.86v-0.034c0-36.386-33.178-65.877-74.103-65.877zM959.061 339.115c-0.119-50.517-22.75-98.953-62.942-134.673-40.175-35.721-94.669-55.842-151.501-55.962-56.866 0.085-111.377 20.207-151.586 55.927-40.209 35.738-62.839 84.156-62.976 134.69v278.579s428.954-42.462 429.005-278.528v-0.051zM187.733 709.12c0.102 35.157 15.872 68.83 43.827 93.696 27.955 24.849 65.86 38.861 105.404 38.963 39.543-0.102 77.431-14.114 105.404-38.963 27.955-24.849 43.725-58.522 43.827-93.662v-193.843s-298.462 29.577-298.462 193.809zM336.964 743.834c-7.731 0-15.275-2.031-21.709-5.854-6.251-3.673-11.187-8.993-14.293-15.369l-0.094-0.213c-1.873-3.885-2.967-8.448-2.967-13.267 0-2.405 0.273-4.747 0.789-6.996l-0.040 0.209c1.502-6.741 5.222-12.937 10.684-17.783 5.461-4.864 12.425-8.175 20.002-9.506 2.297-0.428 4.939-0.673 7.639-0.673 5.361 0 10.497 0.966 15.242 2.735l-0.302-0.099c7.151 2.628 13.244 7.083 17.545 12.8s6.588 12.425 6.588 19.285c0.017 4.574-0.973 9.114-2.935 13.346-2.11 4.438-4.96 8.194-8.429 11.266l-0.036 0.032c-3.618 3.243-7.936 5.803-12.698 7.561-4.446 1.686-9.586 2.662-14.955 2.662-0.010 0-0.021-0-0.031-0l0.002 0v-0.137zM638.601 724.719h-28.809v29.747h-15.002v-72.823h47.411v12.151h-32.41v18.807h28.809v12.1zM710.69 719.718c0 7.168-1.263 13.449-3.789 18.842-2.543 5.41-6.178 9.557-10.923 12.51-4.452 2.767-9.855 4.408-15.641 4.408-0.189 0-0.378-0.002-0.567-0.005l0.028 0c-6.042 0-11.435-1.451-16.162-4.352-4.781-2.999-8.547-7.221-10.916-12.231l-0.075-0.176c-2.492-5.269-3.947-11.447-3.947-17.965 0-0.224 0.002-0.448 0.005-0.672l-0 0.034v-3.584c0-7.168 1.28-13.483 3.84-18.91 2.594-5.461 6.246-9.66 10.957-12.544 4.727-2.935 10.121-4.403 16.196-4.403 6.059 0 11.435 1.468 16.145 4.403 4.745 2.901 8.38 7.083 10.957 12.544 2.594 5.427 3.891 11.708 3.891 18.842v3.243zM695.501 716.407c0-7.629-1.365-13.431-4.096-17.408-2.431-3.609-6.502-5.952-11.12-5.952-0.207 0-0.412 0.005-0.617 0.014l0.029-0.001c-0.17-0.008-0.369-0.012-0.569-0.012-4.601 0-8.658 2.328-11.057 5.87l-0.030 0.047c-2.731 3.908-4.113 9.626-4.147 17.203v3.55c0 7.424 1.365 13.193 4.096 17.289s6.656 6.144 11.81 6.144c0.177 0.008 0.384 0.013 0.592 0.013 4.575 0 8.608-2.323 10.983-5.854l0.030-0.047c2.697-3.959 4.062-9.728 4.096-17.306v-3.55zM759.33 735.351c0.007-0.126 0.012-0.274 0.012-0.423 0-2.464-1.168-4.655-2.98-6.050l-0.018-0.013c-1.997-1.536-5.598-3.14-10.803-4.796-4.795-1.495-8.881-3.191-12.775-5.206l0.436 0.205c-8.277-4.471-12.407-10.496-12.407-18.057 0-3.925 1.092-7.441 3.294-10.496 2.236-3.106 5.427-5.513 9.557-7.253 4.164-1.724 8.841-2.594 13.995-2.594 5.205 0 9.83 0.939 13.909 2.85 4.062 1.877 7.219 4.506 9.438 7.953 2.27 3.413 3.413 7.339 3.413 11.691h-15.019c0-3.328-1.024-5.922-3.14-7.748-2.099-1.877-5.052-2.799-8.841-2.799-3.669 0-6.519 0.785-8.55 2.355-1.86 1.334-3.057 3.49-3.057 5.925 0 0.059 0.001 0.118 0.002 0.177l-0-0.009c0 2.372 1.195 4.352 3.55 5.956 2.389 1.587 5.922 3.089 10.547 4.489 8.533 2.56 14.746 5.751 18.654 9.557 3.891 3.789 5.854 8.533 5.854 14.199 0 6.298-2.389 11.264-7.168 14.848-4.762 3.567-11.162 5.359-19.234 5.359-5.598 0-10.701-1.024-15.309-3.072-4.321-1.835-7.892-4.726-10.497-8.357l-0.050-0.074c-2.249-3.362-3.589-7.497-3.589-11.946 0-0.162 0.002-0.324 0.005-0.486l-0 0.024h15.036c0 8.021 4.796 12.049 14.404 12.049 3.567 0 6.349-0.717 8.363-2.15 1.821-1.31 2.992-3.422 2.992-5.809 0-0.1-0.002-0.199-0.006-0.298l0 0.014zM839.39 693.811h-22.289v60.655h-15.019v-60.655h-21.965v-12.151h59.29v12.151zM891.785 722.91h-28.791v19.507h33.792v12.049h-48.794v-72.823h48.708v12.151h-33.707v17.357h28.809v11.742zM932.54 727.808h-11.947v26.658h-15.002v-72.823h27.051c8.602 0 15.241 1.929 19.9 5.751 4.676 3.84 6.997 9.25 6.997 16.247 0 4.966-1.075 9.131-3.243 12.459-2.409 3.498-5.72 6.217-9.601 7.848l-0.144 0.054 15.735 29.747v0.683h-16.094l-13.653-26.624zM920.593 715.657h12.117c3.755 0 6.656-0.939 8.738-2.833 1.916-1.881 3.104-4.499 3.104-7.395 0-0.196-0.005-0.392-0.016-0.585l0.001 0.027c0-3.447-0.973-6.144-2.935-8.107-1.946-1.963-4.915-2.953-8.96-2.953h-12.049v21.845zM1011.49 728.815v25.651h-15.002v-72.823h28.399c5.461 0 10.274 1.007 14.404 3.004 4.164 1.997 7.373 4.847 9.609 8.55 2.219 3.669 3.345 7.851 3.345 12.544 0 7.134-2.458 12.766-7.339 16.896-4.881 4.096-11.622 6.161-20.258 6.161h-13.141zM1011.49 716.663h13.397c3.977 0 6.997-0.939 9.045-2.799 2.116-1.877 3.157-4.54 3.157-8.004 0.008-0.161 0.012-0.35 0.012-0.54 0-3.131-1.198-5.983-3.16-8.121l0.008 0.009c-2.099-2.185-5.001-3.328-8.704-3.396h-13.756v22.869zM1106.381 722.91h-28.791v19.507h33.792v12.049h-48.794v-72.823h48.708v12.151h-33.707v17.357h28.809v11.742zM1175.996 693.811h-22.306v60.655h-15.002v-60.655h-21.999v-12.151h59.307v12.151zM1228.39 722.91h-28.774v19.507h33.792v12.049h-48.811v-72.823h48.708v12.151h-33.69v17.357h28.791v11.742zM1269.146 727.808h-11.947v26.658h-15.019v-72.823h27.068c8.602 0 15.223 1.929 19.9 5.751 4.659 3.84 6.997 9.25 6.997 16.247 0 4.966-1.092 9.131-3.243 12.459-2.414 3.499-5.731 6.218-9.618 7.848l-0.144 0.054 15.753 29.747v0.683h-16.094l-13.653-26.624zM1257.199 715.657h12.1c3.755 0 6.673-0.939 8.738-2.833 1.926-1.883 3.12-4.507 3.12-7.41 0-0.191-0.005-0.381-0.015-0.569l0.001 0.026c0-3.447-0.973-6.144-2.953-8.107-1.929-1.963-4.915-2.953-8.943-2.953h-12.049v21.845zM1345.348 735.369c0.008-0.127 0.012-0.276 0.012-0.426 0-2.471-1.175-4.668-2.997-6.063l-0.018-0.013c-1.997-1.536-5.598-3.14-10.803-4.796-4.795-1.494-8.88-3.19-12.774-5.205l0.435 0.205c-8.277-4.471-12.407-10.496-12.407-18.057 0-3.925 1.109-7.441 3.294-10.496 2.236-3.106 5.427-5.513 9.557-7.253 4.164-1.724 8.841-2.594 13.995-2.594 5.205 0 9.83 0.939 13.909 2.85 4.062 1.877 7.219 4.506 9.438 7.953 2.27 3.413 3.413 7.339 3.413 11.691h-15.019c0-3.328-1.024-5.922-3.14-7.748-2.099-1.877-5.052-2.799-8.841-2.799-3.669 0-6.519 0.785-8.55 2.355-1.869 1.333-3.074 3.494-3.074 5.937 0 0.055 0.001 0.11 0.002 0.164l-0-0.008c0 2.372 1.195 4.352 3.567 5.956 2.389 1.587 5.922 3.089 10.547 4.489 8.533 2.56 14.746 5.751 18.654 9.557 3.891 3.789 5.854 8.533 5.854 14.199 0 6.298-2.389 11.264-7.168 14.848-4.762 3.567-11.179 5.359-19.234 5.359-5.598 0-10.701-1.024-15.309-3.072-4.321-1.835-7.892-4.726-10.497-8.357l-0.050-0.074c-2.249-3.362-3.589-7.497-3.589-11.946 0-0.162 0.002-0.324 0.005-0.486l-0 0.024h15.036c0 8.021 4.796 12.049 14.404 12.049 3.567 0 6.349-0.717 8.346-2.15 1.83-1.309 3.009-3.427 3.009-5.82 0-0.096-0.002-0.191-0.006-0.286l0 0.014z"
        ],
        "attrs": [
          {
            "fill": "rgb(33, 150, 243)"
          }
        ],
        "width": 1809,
        "isMulticolor": false,
        "isMulticolor2": false,
        "grid": 0,
        "tags": [
          "foster-peters"
        ],
        "colorPermutations": {
          "1171171171175177184125525525513315024313333331": [
            {
              "f": 2
            }
          ]
        }
      },
      "attrs": [
        {
          "fill": "rgb(33, 150, 243)"
        }
      ],
      "properties": {
        "order": 63,
        "id": 7,
        "name": "foster-peters",
        "prevSize": 32
      },
      "setIdx": 0,
      "setId": 7,
      "iconIdx": 23
    },
    {
      "icon": {
        "paths": [
          "M648.533 119.467l119.6 113.222-222-0.13v549.328h580.267v-210.034l119.467 113.097v-565.484h-597.333zM1121.15 558.563l-339.111-321.029h339.111v321.029zM1015.861 701.534h-377.907v-369.452h26.713v344.436h351.194v25.016zM727.192 855.025h11.667l-20.333 38.333v22.333h-10.583v-22.333l-20.376-38.333h11.708l13.959 28.751 13.959-28.751zM744.733 915.692l4.917-14.124h23.501l4.958 14.124h10.999l-22.958-60.667h-9.458l-22.917 60.667h10.959zM761.4 867.9l8.791 25.167h-17.584l8.793-25.167zM816.983 891.609c-1.527 2.333-2.292 4.902-2.292 7.707 0 5.111 1.792 9.264 5.376 12.459 3.611 3.168 8.416 4.75 14.416 4.75s11.167-1.625 15.5-4.874l3.417 4.041h11.75l-8.917-10.542c3.5-4.777 5.25-10.902 5.25-18.374h-8.791c0 4.082-0.847 7.791-2.541 11.124l-11.709-13.833 4.125-3c2.917-2.111 5.014-4.222 6.292-6.333 1.278-2.138 1.917-4.471 1.917-6.999 0-3.835-1.417-7.042-4.25-9.626-2.806-2.611-6.417-3.917-10.834-3.917-4.89 0-8.777 1.389-11.667 4.166-2.889 2.751-4.333 6.501-4.333 11.25 0 1.944 0.459 3.958 1.376 6.042 0.944 2.084 2.598 4.611 4.958 7.584-4.5 3.222-7.514 6.013-9.042 8.375zM844.358 905.025c-2.971 2.278-6.166 3.417-9.583 3.417-3.028 0-5.444-0.876-7.25-2.625s-2.708-4.028-2.708-6.833c0-3.249 1.667-6.139 5.001-8.666l1.292-0.916 13.249 15.625zM833.483 878.15c-2.86-3.528-4.292-6.458-4.292-8.791 0-2.029 0.584-3.709 1.751-5.041 1.166-1.335 2.736-2 4.709-2 1.833 0 3.347 0.568 4.541 1.708 1.195 1.111 1.792 2.458 1.792 4.041 0 2.389-0.862 4.347-2.584 5.874l-1.292 1.043-4.625 3.166zM932.233 911.109c-4.166 3.61-9.708 5.415-16.625 5.415-4.833 0-9.097-1.138-12.791-3.417-3.666-2.304-6.499-5.569-8.499-9.791s-3.043-9.126-3.125-14.708v-5.666c0-5.722 1.014-10.764 3.041-15.126 2.028-4.361 4.931-7.721 8.707-10.083 3.806-2.36 8.195-3.541 13.167-3.541 6.695 0 12.083 1.819 16.167 5.458 4.082 3.639 6.458 8.777 7.125 15.416h-10.501c-0.5-4.361-1.777-7.499-3.833-9.416-2.028-1.946-5.014-2.917-8.958-2.917-4.582 0-8.11 1.681-10.583 5.041-2.444 3.333-3.695 8.236-3.75 14.708v5.374c0 6.557 1.166 11.556 3.5 15.002 2.36 3.444 5.804 5.166 10.332 5.166 4.139 0 7.25-0.93 9.334-2.792 2.084-1.86 3.403-4.958 3.958-9.291h10.501c-0.611 6.472-3 11.527-7.168 15.167zM994.191 902.608c2.057-4.5 3.084-9.723 3.084-15.667v-3.374c-0.027-5.917-1.084-11.097-3.168-15.543-2.082-4.471-5.041-7.888-8.875-10.249-3.806-2.389-8.18-3.584-13.124-3.584s-9.334 1.208-13.167 3.625c-3.806 2.389-6.764 5.847-8.875 10.375-2.084 4.528-3.125 9.75-3.125 15.667v3.417c0.027 5.804 1.082 10.929 3.166 15.374 2.111 4.446 5.084 7.876 8.917 10.293 3.86 2.388 8.25 3.582 13.167 3.582 4.972 0 9.361-1.195 13.165-3.582 3.833-2.417 6.779-5.861 8.834-10.334zM982.9 868.316c2.555 3.584 3.833 8.736 3.833 15.459v3.166c0 6.833-1.265 12.029-3.792 15.584-2.499 3.557-6.083 5.333-10.749 5.333-4.611 0-8.223-1.819-10.834-5.458-2.584-3.639-3.876-8.791-3.876-15.459v-3.499c0.056-6.528 1.362-11.569 3.917-15.126 2.584-3.582 6.153-5.374 10.709-5.374 4.666 0 8.264 1.792 10.791 5.374z"
        ],
        "attrs": [
          {
            "fill": "rgb(175, 177, 184)"
          }
        ],
        "width": 1809,
        "isMulticolor": false,
        "isMulticolor2": false,
        "grid": 0,
        "tags": [
          "group"
        ],
        "colorPermutations": {
          "1171171171175177184125525525513315024313333331": [
            {
              "f": 3
            }
          ]
        }
      },
      "attrs": [
        {
          "fill": "rgb(175, 177, 184)"
        }
      ],
      "properties": {
        "order": 64,
        "id": 6,
        "name": "group",
        "prevSize": 32
      },
      "setIdx": 0,
      "setId": 7,
      "iconIdx": 24
    },
    {
      "icon": {
        "paths": [
          "M1022.976 301.056c-2.355-54.426-11.162-91.802-23.757-124.211-13.577-35.567-33.733-65.876-59.193-90.785l-0.045-0.044c-24.946-25.349-55.171-45.423-88.902-58.449l-1.722-0.585c-32.614-12.595-69.786-21.35-124.211-23.757-54.784-2.611-72.192-3.226-211.251-3.226-139.008 0-156.416 0.614-211.046 3.021-54.374 2.355-91.802 11.162-124.16 23.757-35.587 13.57-65.913 33.727-90.837 59.194l-0.043 0.044c-25.327 24.951-45.383 55.175-58.398 88.901l-0.585 1.723c-12.646 32.614-21.402 69.786-23.808 124.211-2.611 54.784-3.226 72.192-3.226 211.251 0 139.008 0.614 156.416 3.021 211.046 2.406 54.426 11.213 91.802 23.808 124.211 13.646 35.534 33.772 65.828 59.153 90.795l0.034 0.033c25.6 26.010 56.627 46.182 90.624 58.982 32.614 12.646 69.837 21.453 124.211 23.808 54.63 2.406 72.038 3.021 211.046 3.021 139.059 0 156.467-0.614 211.046-3.021 54.426-2.355 91.802-11.162 124.211-23.757 69.038-27.2 122.662-80.825 149.244-148.088l0.618-1.774c12.595-32.614 21.402-69.837 23.808-124.211 2.406-54.63 2.97-72.038 2.97-211.046s-0.205-156.416-2.56-211.046zM930.816 719.155c-2.253 50.022-10.65 77.005-17.613 95.027-17.663 44.783-52.473 79.56-96.128 96.777l-1.152 0.4c-17.92 7.014-45.158 15.411-94.976 17.613-54.016 2.406-70.195 3.021-206.848 3.021-136.602 0-153.037-0.614-206.848-3.021-50.022-2.202-77.005-10.598-95.027-17.613-23.057-8.61-42.695-21.63-58.74-38.157l-0.037-0.039c-16.538-16.11-29.565-35.738-37.882-57.683l-0.364-1.095c-6.963-18.022-15.36-45.21-17.562-95.027-2.406-54.016-3.021-70.246-3.021-206.848 0-136.653 0.614-153.088 3.021-206.848 2.202-50.022 10.598-77.005 17.562-95.027 8.599-23.112 21.698-42.78 38.348-58.779l0.052-0.049c16.136-16.537 35.801-29.551 57.785-37.833l1.095-0.362c17.92-7.014 45.158-15.36 94.976-17.613 54.016-2.355 70.246-2.97 206.848-2.97 136.806 0 153.037 0.614 206.848 2.97 50.022 2.202 77.005 10.598 95.027 17.613 22.17 8.192 42.394 21.197 58.778 38.195 16.998 16.64 30.003 36.608 38.246 58.88 6.963 17.92 15.36 45.158 17.562 94.976 2.406 54.016 3.021 70.195 3.021 206.848 0 136.602-0.614 152.576-3.021 206.643z",
          "M513.894 249.037c-145.253 0.058-262.985 117.808-263.014 263.063l-0 0.003c2.912 143.065 119.575 257.926 263.066 257.926s260.153-114.861 263.061-257.655l0.004-0.272c-0.029-145.275-117.79-263.036-263.063-263.066l-0.003-0zM513.894 682.701c-94.236-0.015-170.624-76.411-170.624-170.65 0-94.247 76.402-170.65 170.65-170.65 0.009 0 0.018 0 0.027 0l-0.001-0c94.261 0 170.675 76.414 170.675 170.675s-76.414 170.675-170.675 170.675l0-0zM848.794 238.643c0 33.932-27.508 61.44-61.44 61.44s-61.44-27.508-61.44-61.44l-0-0c0-33.932 27.508-61.44 61.44-61.44s61.44 27.508 61.44 61.44v-0z"
        ],
        "attrs": [
          {
            "fill": "rgb(175, 177, 184)"
          },
          {
            "fill": "rgb(175, 177, 184)"
          }
        ],
        "isMulticolor": false,
        "isMulticolor2": false,
        "grid": 0,
        "tags": [
          "instagram 2"
        ],
        "colorPermutations": {
          "1171171171175177184125525525513315024313333331": [
            {
              "f": 3
            },
            {
              "f": 3
            }
          ]
        }
      },
      "attrs": [
        {
          "fill": "rgb(175, 177, 184)"
        },
        {
          "fill": "rgb(175, 177, 184)"
        }
      ],
      "properties": {
        "order": 65,
        "id": 5,
        "name": "instagram-2",
        "prevSize": 32
      },
      "setIdx": 0,
      "setId": 7,
      "iconIdx": 25
    },
    {
      "icon": {
        "paths": [
          "M1022.996 301.059c-2.396-54.409-11.197-91.814-23.798-124.227-13.005-34.405-33.009-65.208-59.218-90.814-25.605-26.006-56.612-46.212-90.619-59.012-32.599-12.604-69.811-21.403-124.216-23.802-54.815-2.602-72.218-3.204-211.246-3.204-139.027 0-156.429 0.602-211.041 3.001-54.409 2.399-91.815 11.205-124.22 23.802-34.413 13.003-65.215 33.007-90.822 59.215-26.005 25.606-46.204 56.612-59.011 90.619-12.604 32.608-21.403 69.811-23.802 124.22-2.602 54.815-3.204 72.217-3.204 211.247 0 139.023 0.602 156.426 3.001 211.041 2.399 54.405 11.205 91.812 23.809 124.227 13.003 34.401 33.202 65.208 59.207 90.813 25.607 26.004 56.612 46.213 90.619 59.013 32.608 12.6 69.81 21.402 124.227 23.798 54.604 2.406 72.014 3 211.042 3s156.426-0.594 211.041-3c54.41-2.396 91.812-11.197 124.216-23.798 68.818-26.609 123.228-81.019 149.837-149.827 12.595-32.609 21.402-69.821 23.803-124.227 2.396-54.615 3-72.018 3-211.041 0-139.030-0.205-156.431-2.606-211.044zM930.785 719.14c-2.202 50.012-10.604 77.015-17.603 95.017-17.208 44.611-52.613 80.015-97.224 97.224-18.002 7.004-45.204 15.401-95.017 17.597-54.011 2.406-70.211 3-206.838 3-136.63 0-153.031-0.594-206.846-3-50.010-2.196-77.015-10.593-95.018-17.597-22.2-8.202-42.407-21.207-58.808-38.211-17.004-16.604-30.006-36.608-38.211-58.808-7.002-18.002-15.401-45.21-17.597-95.017-2.407-54.011-3.001-70.216-3.001-206.848 0-136.626 0.594-153.028 3.001-206.835 2.195-50.010 10.595-77.015 17.597-95.018 8.205-22.207 21.207-42.407 38.414-58.817 16.597-17.003 36.601-30.006 58.808-38.203 18.003-7.001 45.212-15.401 95.018-17.605 54.010-2.399 70.217-3.001 206.838-3.001 136.832 0 153.027 0.602 206.843 3.001 50.012 2.203 77.015 10.604 95.022 17.605 22.195 8.197 42.404 21.2 58.808 38.203 16.998 16.605 30.003 36.609 38.211 58.817 6.999 18.003 15.401 45.204 17.603 95.018 2.401 54.010 3 70.209 3 206.835 0 136.632-0.599 152.632-3 206.643z",
          "M513.9 249.044c-145.222 0-263.050 117.82-263.050 263.053 0 145.229 117.828 263.050 263.050 263.050 145.234 0 263.055-117.821 263.055-263.050 0-145.233-117.821-263.053-263.055-263.053zM513.9 682.732c-94.212 0-170.633-76.416-170.633-170.634 0-94.224 76.421-170.637 170.633-170.637 94.223 0 170.634 76.413 170.634 170.637 0 94.218-76.411 170.634-170.634 170.634z",
          "M848.768 238.648c0 33.913-27.5 61.41-61.42 61.41-33.915 0-61.409-27.497-61.409-61.41 0-33.921 27.494-61.411 61.409-61.411 33.92 0 61.42 27.49 61.42 61.411z"
        ],
        "attrs": [
          {
            "fill": "rgb(255, 255, 255)"
          },
          {
            "fill": "rgb(255, 255, 255)"
          },
          {
            "fill": "rgb(255, 255, 255)"
          }
        ],
        "isMulticolor": false,
        "isMulticolor2": false,
        "grid": 0,
        "tags": [
          "instagram"
        ],
        "colorPermutations": {
          "1171171171175177184125525525513315024313333331": [
            {
              "f": 4
            },
            {
              "f": 4
            },
            {
              "f": 4
            }
          ]
        }
      },
      "attrs": [
        {
          "fill": "rgb(255, 255, 255)"
        },
        {
          "fill": "rgb(255, 255, 255)"
        },
        {
          "fill": "rgb(255, 255, 255)"
        }
      ],
      "properties": {
        "order": 66,
        "id": 4,
        "name": "instagram1",
        "prevSize": 32
      },
      "setIdx": 0,
      "setId": 7,
      "iconIdx": 26
    },
    {
      "icon": {
        "paths": [
          "M1023.744 1024h0.256v-375.603c0-183.706-39.526-325.222-254.31-325.222-103.27 0-172.544 56.627-200.858 110.387h-2.97v-93.235h-203.674v683.622h212.070v-338.483c0-89.139 16.896-175.36 127.283-175.36 108.749 0 110.387 101.734 110.387 181.043v332.851h211.814zM16.896 340.326h212.326v683.674h-212.326v-683.674zM122.982 0c-67.921 0-122.982 55.061-122.982 122.982v0c0 67.84 55.091 124.109 122.982 124.109 67.84 0 122.931-56.218 122.931-124.109-0.029-67.892-55.044-122.924-122.926-122.982l-0.006-0z"
        ],
        "attrs": [
          {
            "fill": "rgb(175, 177, 184)"
          }
        ],
        "isMulticolor": false,
        "isMulticolor2": false,
        "grid": 0,
        "tags": [
          "linkedin 1"
        ],
        "colorPermutations": {
          "1171171171175177184125525525513315024313333331": [
            {
              "f": 3
            }
          ]
        }
      },
      "attrs": [
        {
          "fill": "rgb(175, 177, 184)"
        }
      ],
      "properties": {
        "order": 67,
        "id": 3,
        "name": "linkedin-1",
        "prevSize": 32
      },
      "setIdx": 0,
      "setId": 7,
      "iconIdx": 27
    },
    {
      "icon": {
        "paths": [
          "M911.787 467.767c-7.562-10.066-11.18-21.963-10.32-33.939v-49.207c0-15.084 3.42-26.547 10.262-34.389 6.84-7.842 18.592-11.747 35.251-11.713 15.655 0 26.767 3.337 33.338 10.011 7.168 8.516 10.655 18.93 9.856 29.433v11.564h-28.003v-11.715c0.099-3.833-0.172-7.668-0.812-11.462-0.403-2.596-1.812-4.995-4-6.808-2.876-1.954-6.497-2.901-10.146-2.654-3.837-0.247-7.642 0.753-10.668 2.804-2.439 2.009-4.065 4.64-4.639 7.508-0.804 4.017-1.172 8.090-1.101 12.165v59.718c-0.442 5.762 0.794 11.527 3.594 16.77 1.393 1.773 3.326 3.18 5.589 4.064 2.261 0.884 4.762 1.21 7.224 0.942 3.587 0.254 7.148-0.717 9.914-2.703 2.282-1.956 3.75-4.507 4.175-7.258 0.654-3.961 0.945-7.962 0.87-11.964v-12.114h28.003v11.063c0.787 10.95-2.615 21.818-9.682 30.935-6.436 7.31-17.394 10.964-33.512 10.964s-28.295-3.905-35.193-12.015z",
          "M1028.384 468.268c-7.074-7.66-10.61-18.823-10.61-33.589v-51.76c0-14.616 3.536-25.679 10.61-33.188 7.072-7.509 18.901-11.247 35.482-11.213 16.466 0 28.237 3.738 35.309 11.213 7.074 7.509 10.668 18.572 10.668 33.188v51.76c0 14.616-3.594 25.829-10.784 33.538-7.188 7.709-18.9 11.564-35.193 11.564-16.292 0-28.351-3.905-35.482-11.513zM1076.912 455.854c2.533-4.797 3.686-10.052 3.364-15.317v-63.374c0.324-5.163-0.811-10.317-3.306-15.017-1.42-1.811-3.403-3.241-5.719-4.127-2.318-0.884-4.876-1.19-7.385-0.879-2.516-0.302-5.079 0.005-7.404 0.889s-4.318 2.309-5.757 4.116c-2.55 4.687-3.705 9.847-3.362 15.017v63.674c-0.353 5.267 0.802 10.527 3.362 15.317 1.632 1.615 3.647 2.908 5.907 3.796 2.26 0.886 4.714 1.345 7.197 1.345 2.481 0 4.936-0.459 7.195-1.345 2.26-0.887 4.275-2.181 5.907-3.796v-0.3z",
          "M1143.526 340.029h30.15l22.67 95.498 23.192-95.498h29.338l2.958 137.842h-21.685l-2.319-95.799-22.38 95.799h-17.394l-23.192-96.15-2.145 96.15h-21.915l2.724-137.842z",
          "M1285.635 340.029h46.962c27.057 0 40.585 13.046 40.585 39.141 0 24.992-14.242 37.472-42.73 37.437h-16.002v61.264h-28.989l0.174-137.842zM1325.757 398.94c2.864 0.314 5.772 0.087 8.525-0.666 2.753-0.751 5.284-2.010 7.419-3.688 3.325-4.656 4.791-10.124 4.175-15.567 0.152-4.205-0.316-8.41-1.393-12.513-0.413-1.37-1.138-2.656-2.133-3.782-0.997-1.126-2.241-2.068-3.664-2.775-4.024-1.666-8.472-2.423-12.928-2.202h-11.249v41.192h11.249z",
          "M1414.987 340.029h31.135l31.945 137.842h-27.017l-6.32-31.783h-27.773l-6.494 31.783h-27.423l31.945-137.842zM1441.599 430.123l-10.842-57.859-10.841 57.859h21.683z",
          "M1503.869 340.029h20.292l38.847 78.631v-78.631h24.061v137.842h-19.308l-39.078-82.086v82.086h-24.873l0.058-137.842z",
          "M1643.426 425.315l-32.295-85.093h27.192l19.714 54.659 18.495-54.659h26.612l-31.889 85.093v52.557h-27.829v-52.557z",
          "M956.547 538.139v7.209h-23.654v56.011h-9.916v-56.011h-23.77v-7.209h57.341z",
          "M1030.702 601.364h-7.654c-0.777 0.041-1.543-0.172-2.145-0.601-0.579-0.367-1.021-0.87-1.275-1.451l-6.842-15.017h-32.816l-6.842 15.017c-0.195 0.628-0.551 1.208-1.044 1.702-0.606 0.418-1.369 0.631-2.144 0.601h-7.654l28.989-63.217h10.090l29.338 62.966zM982.694 577.889h27.368l-11.597-25.726c-0.855-1.946-1.572-3.936-2.145-5.956-0.406 1.201-0.754 2.352-1.101 3.354l-1.044 2.652-11.481 25.677z",
          "M1080.68 595.156c1.816 0.082 3.635 0.082 5.449 0 1.568-0.14 3.12-0.391 4.639-0.751 1.42-0.302 2.816-0.686 4.175-1.152 1.277-0.451 2.551-1.002 3.884-1.551v-14.218h-11.595c-0.287 0.015-0.573-0.022-0.843-0.109-0.27-0.085-0.515-0.218-0.722-0.391-0.191-0.142-0.341-0.319-0.442-0.519s-0.148-0.415-0.138-0.633v-4.855h22.496v24.23c-1.836 1.133-3.775 2.138-5.798 3.004-2.067 0.881-4.221 1.601-6.436 2.152-2.371 0.602-4.796 1.038-7.248 1.302-2.811 0.27-5.635 0.403-8.463 0.399-5.001 0.038-9.962-0.761-14.612-2.352-4.34-1.507-8.284-3.755-11.595-6.608-3.227-2.883-5.769-6.284-7.479-10.011-1.828-4.192-2.732-8.639-2.668-13.116-0.061-4.506 0.823-8.984 2.609-13.216 1.667-3.746 4.214-7.156 7.479-10.011 3.309-2.845 7.255-5.076 11.597-6.559 4.965-1.613 10.233-2.41 15.537-2.353 2.7-0.002 5.395 0.183 8.059 0.551 2.357 0.331 4.669 0.869 6.9 1.603 2.028 0.657 3.971 1.497 5.798 2.502 1.777 0.988 3.465 2.092 5.045 3.304l-2.784 3.905c-0.218 0.357-0.543 0.657-0.94 0.867-0.398 0.212-0.853 0.328-1.321 0.335-0.642-0.017-1.265-0.191-1.797-0.5-0.87-0.401-1.797-0.901-2.842-1.502-1.232-0.667-2.533-1.237-3.884-1.702-1.727-0.599-3.512-1.068-5.333-1.403-2.429-0.386-4.895-0.57-7.364-0.55-3.825-0.038-7.622 0.558-11.189 1.751-3.227 1.118-6.135 2.826-8.523 5.006-2.403 2.273-4.239 4.949-5.393 7.861-2.589 6.845-2.589 14.227 0 21.074 1.27 2.973 3.244 5.685 5.799 7.96 2.377 2.169 5.263 3.876 8.465 5.006 3.686 1.094 7.593 1.519 11.479 1.253v0z",
          "M1173.098 594.152h31.657v7.207h-41.339v-63.22h9.914l-0.232 56.013z",
          "M1237.688 601.359h-9.916v-63.22h9.916v63.22z",
          "M1274.563 538.44c0.589 0.29 1.103 0.683 1.507 1.152l42.382 47.655c-0.056-0.749-0.056-1.502 0-2.253 0-0.7 0-1.401 0-2.051v-45.053h8.639v63.474h-4.985c-0.739 0.051-1.48-0.070-2.145-0.352-0.602-0.314-1.133-0.722-1.567-1.201l-42.324-47.606c0 0.751 0 1.452 0 2.154 0 0.7 0 1.352 0 1.952v45.053h-8.291v-63.225h5.161c0.56 0.002 1.113 0.104 1.623 0.3v0z",
          "M1400.088 538.139v6.958h-35.135v20.874h28.467v6.707h-28.467v21.574h35.135v6.958h-45.339v-63.072h45.339z",
          "M361.16 147.721l440.236 107.917v378.163l-440.236-107.868v-378.213zM332.925 115.485v428.818l496.65 121.783v-428.768l-496.65-121.833z",
          "M599.107 865.147l-496.707-121.885v-428.773l496.707 121.836v428.822z",
          "M341.158 142.865l434.495 106.564-184.779 159.572-434.553-106.615 184.837-159.521zM332.925 115.485l-230.525 199.014 496.707 121.83 230.467-199.013-496.649-121.832z",
          "M627.053 841.025l202.52-174.887-202.52-49.702v224.589z"
        ],
        "attrs": [
          {
            "fill": "rgb(175, 177, 184)"
          },
          {
            "fill": "rgb(175, 177, 184)"
          },
          {
            "fill": "rgb(175, 177, 184)"
          },
          {
            "fill": "rgb(175, 177, 184)"
          },
          {
            "fill": "rgb(175, 177, 184)"
          },
          {
            "fill": "rgb(175, 177, 184)"
          },
          {
            "fill": "rgb(175, 177, 184)"
          },
          {
            "fill": "rgb(175, 177, 184)"
          },
          {
            "fill": "rgb(175, 177, 184)"
          },
          {
            "fill": "rgb(175, 177, 184)"
          },
          {
            "fill": "rgb(175, 177, 184)"
          },
          {
            "fill": "rgb(175, 177, 184)"
          },
          {
            "fill": "rgb(175, 177, 184)"
          },
          {
            "fill": "rgb(175, 177, 184)"
          },
          {
            "fill": "rgb(175, 177, 184)"
          },
          {
            "fill": "rgb(175, 177, 184)"
          },
          {
            "fill": "rgb(175, 177, 184)"
          },
          {
            "fill": "rgb(175, 177, 184)"
          }
        ],
        "width": 1809,
        "isMulticolor": false,
        "isMulticolor2": false,
        "grid": 0,
        "tags": [
          "tag-line"
        ],
        "colorPermutations": {
          "1171171171175177184125525525513315024313333331": [
            {
              "f": 3
            },
            {
              "f": 3
            },
            {
              "f": 3
            },
            {
              "f": 3
            },
            {
              "f": 3
            },
            {
              "f": 3
            },
            {
              "f": 3
            },
            {
              "f": 3
            },
            {
              "f": 3
            },
            {
              "f": 3
            },
            {
              "f": 3
            },
            {
              "f": 3
            },
            {
              "f": 3
            },
            {
              "f": 3
            },
            {
              "f": 3
            },
            {
              "f": 3
            },
            {
              "f": 3
            },
            {
              "f": 3
            }
          ]
        }
      },
      "attrs": [
        {
          "fill": "rgb(175, 177, 184)"
        },
        {
          "fill": "rgb(175, 177, 184)"
        },
        {
          "fill": "rgb(175, 177, 184)"
        },
        {
          "fill": "rgb(175, 177, 184)"
        },
        {
          "fill": "rgb(175, 177, 184)"
        },
        {
          "fill": "rgb(175, 177, 184)"
        },
        {
          "fill": "rgb(175, 177, 184)"
        },
        {
          "fill": "rgb(175, 177, 184)"
        },
        {
          "fill": "rgb(175, 177, 184)"
        },
        {
          "fill": "rgb(175, 177, 184)"
        },
        {
          "fill": "rgb(175, 177, 184)"
        },
        {
          "fill": "rgb(175, 177, 184)"
        },
        {
          "fill": "rgb(175, 177, 184)"
        },
        {
          "fill": "rgb(175, 177, 184)"
        },
        {
          "fill": "rgb(175, 177, 184)"
        },
        {
          "fill": "rgb(175, 177, 184)"
        },
        {
          "fill": "rgb(175, 177, 184)"
        },
        {
          "fill": "rgb(175, 177, 184)"
        }
      ],
      "properties": {
        "order": 68,
        "id": 1,
        "name": "tag-line",
        "prevSize": 32
      },
      "setIdx": 0,
      "setId": 7,
      "iconIdx": 29
    },
    {
      "icon": {
        "paths": [
          "M1024 194.509c-35.201 15.787-76.040 27.429-118.809 32.899l-2.176 0.227c43.522-26.13 76.217-66.496 91.947-114.543l0.418-1.476c-38.319 23.119-82.92 40.743-130.431 50.337l-2.689 0.453c-38.393-40.925-92.814-66.42-153.19-66.42-115.907 0-209.869 93.961-209.869 209.869 0 0.041 0 0.081 0 0.122l-0-0.006c0 16.64 1.382 32.666 4.864 47.872-174.541-8.499-328.96-92.16-432.691-219.546-18.048 30.373-28.761 66.941-28.877 106.002l-0 0.033c0 72.704 37.478 137.165 93.235 174.438-34.92-0.962-67.432-10.41-95.815-26.343l1.044 0.538v2.304c0.093 101.277 71.562 185.835 166.812 206.090l1.38 0.246c-15.959 4.362-34.284 6.869-53.194 6.869-0.649 0-1.297-0.003-1.945-0.009l0.099 0.001c-13.414 0-26.982-0.768-39.731-3.584 27.187 83.149 104.346 144.282 196.147 146.227-70.873 55.863-161.454 89.6-259.915 89.6-0.135 0-0.271-0-0.406-0l0.021 0c-0.589 0.003-1.286 0.005-1.984 0.005-17.005 0-33.758-1.081-50.193-3.178l1.95 0.203c90.444 59.073 201.183 94.211 320.128 94.211 0.675 0 1.35-0.001 2.025-0.003l-0.105 0c386.304 0 597.504-320 597.504-597.402 0-9.216-0.307-18.227-0.768-27.136 41.558-29.942 76.495-66.036 104.266-107.35l0.95-1.501z"
        ],
        "attrs": [
          {
            "fill": "rgb(175, 177, 184)"
          }
        ],
        "isMulticolor": false,
        "isMulticolor2": false,
        "grid": 0,
        "tags": [
          "twitter 1"
        ],
        "colorPermutations": {
          "1171171171175177184125525525513315024313333331": [
            {
              "f": 3
            }
          ]
        }
      },
      "attrs": [
        {
          "fill": "rgb(175, 177, 184)"
        }
      ],
      "properties": {
        "order": 69,
        "id": 0,
        "name": "twitter-1",
        "prevSize": 32
      },
      "setIdx": 0,
      "setId": 7,
      "iconIdx": 30
    }
  ],
  "height": 1024,
  "preferences": {
    "showGlyphs": true,
    "showQuickUse": true,
    "showQuickUse2": true,
    "showSVGs": true,
    "fontPref": {
      "prefix": "icon-",
      "metadata": {
        "fontFamily": "icomoon"
      },
      "metrics": {
        "emSize": 1024,
        "baseline": 6.25,
        "whitespace": 50
      },
      "embed": false
    },
    "imagePref": {
      "prefix": "icon-",
      "png": false,
      "useClassSelector": true,
      "color": 0,
      "bgColor": 16777215,
      "classSelector": ".icon",
      "name": "icomoon",
      "height": 32,
      "columns": 16,
      "margin": 16
    },
    "historySize": 50,
    "showCodes": true,
    "gridSize": 16
  }
}